,alpha,beta,count_entropy,crossing_points,entropy,flat_spots,frequency,intervals_mean,lumpiness,arch_lm,sparsity,stability,nperiods,seasonal_period,trend,spike,linearity,curvature
danish_atm_daily_0,0.1419392139959805,0.0059051161891368,-171289.6255282936,115.0,0.8329422281255238,6.0,1.0,59.4,0.0033114800624379,0.2710156145936274,0.0262295081967213,0.008919540229885,0.0,1.0,0.0489295031284825,2.1493073948390107e-07,-0.1325825036093067,0.2385378292040156
danish_atm_daily_1,0.1389747615582887,0.0177250506126115,-186506.1242166836,67.0,0.8387956780127662,108.0,1.0,100.66666666666669,0.0013459628210586,0.0001778060249763,0.0098360655737704,0.0016206896551724,0.0,1.0,0.0508206741663095,8.532189158735058e-08,0.1749464208553411,-0.1689557742434145
danish_atm_daily_10,0.3349371129374787,0.0001075799675145,-126910.21127995467,101.0,0.8652320420602421,10.0,1.0,31.11111111111111,0.0081692918972612,0.4362170365130308,0.081967213114754,0.0310919540229885,0.0,1.0,0.4092988969735135,2.0163904727660402e-07,-0.08613731351586,-0.0621979729861187
danish_atm_daily_100,1.4901161193847656e-08,0.0,-47743.428901893705,114.0,0.8263018228608763,6.0,1.0,32.22222222222222,0.0060764864481339,0.231757266084588,0.0491803278688524,0.0101724137931034,0.0,1.0,0.0437878477725987,3.614012649475082e-07,-0.1279119623558966,0.4370140917001748
danish_atm_daily_101,0.0800761713973853,4.062294252567253e-06,-84083.9059021938,53.0,0.7820835472196644,126.0,1.0,49.5,0.003420462608202,0.2077259979817224,0.0262295081967213,0.0047816091954022,0.0,1.0,0.0553166067205382,2.114193367340623e-07,0.1099054155712405,0.3011568947695239
danish_atm_daily_102,0.1958205659418536,0.0001382863861734,-65159.11475580106,98.0,0.6585311540823373,7.0,1.0,5.947368421052632,0.0086704980842911,0.6688529210557299,0.2590163934426229,0.0237816091954023,0.0,1.0,0.0697520405749227,3.759169449017626e-07,1.3691543686575207,1.2898936293243246
danish_atm_daily_103,0.0522760000343419,0.052274813291066,-78984.86840946732,132.0,0.6342994624036962,6.0,1.0,4.818181818181818,0.00155938697318,0.815188318358624,0.3049180327868852,0.0112758620689655,0.0,1.0,0.0089861568739387,3.46311173077644e-07,0.3321221645853472,0.6257401144145992
danish_atm_daily_104,0.0466295034868735,0.020699360849876,-23280.71951318153,124.0,0.6884941424157925,6.0,1.0,4.688888888888889,0.001479211011778,0.7896679391467858,0.3081967213114754,0.0108505747126436,0.0,1.0,0.0102240795958782,3.3647397674575625e-07,0.3456083125938785,0.6365890819352518
danish_atm_daily_105,1.501437414816132e-08,9.501058769216852e-12,-8323.21920839155,93.0,0.7588038060170167,57.0,1.0,6.027027027027027,0.0091420462608202,0.7082649926598157,0.2688524590163934,0.0309885057471264,0.0,1.0,0.0883776000122223,3.499520789258041e-07,2.020121988476963,0.7801308225204963
danish_atm_daily_106,0.9950084186710744,9.983247074970642e-05,-21092.06484412196,60.0,0.8956561498861266,225.0,1.0,9.576923076923077,0.0151008939974457,0.7040882983511856,0.1836065573770491,0.0391264367816091,0.0,1.0,0.2035078847709703,3.068127447102557e-07,2.74183657271323,-0.3895265133960495
danish_atm_daily_107,0.1348231809249047,2.515696841591769e-09,-11453.900385688132,16.0,0.6936165437619749,174.0,1.0,75.0,0.0023512132822477,0.2718299283345025,0.0163934426229508,0.0035057471264367,0.0,1.0,0.0262015344634698,1.4731460666193417e-07,0.3068081645211409,-0.1366982594257058
danish_atm_daily_108,0.2351070869607021,0.0,-70811.05564886823,16.0,0.7972075109684175,243.0,1.0,152.0,0.0003333333333333,0.0,0.0032786885245901,0.0003333333333333,0.0,1.0,0.0351114009762293,3.109764375484585e-08,0.0893402853902039,-0.0929314532444055
danish_atm_daily_109,0.3313354170442992,0.0,-92100.93947419384,2.0,0.6038544057921492,270.0,1.0,305.0,0.0,1.0,0.0,0.0,0.0,1.0,0.0,0.0,1.4016565685892601e-15,-1.1934897514720433e-15
danish_atm_daily_11,0.1931892058365152,0.0535577049451443,-126785.91334422222,127.0,0.8060515018962999,6.0,1.0,75.25,0.0016154391939832,0.1438342895353851,0.0131147540983606,0.0018850574712643,0.0,1.0,0.0292656486664727,1.2204115291134638e-07,0.0499660501720423,0.1401821169097653
danish_atm_daily_110,0.3444597662242147,0.0,-6501.8122888027865,8.0,0.8116998392854441,264.0,1.0,147.5,0.0006436781609195,0.0,0.0327868852459016,0.0271264367816091,0.0,1.0,0.7311983135975529,2.5733312943662955e-08,0.94110742237179,-1.0968417124897791
danish_atm_daily_111,0.1558442330791749,0.0525860040804197,-704.9180527267013,5.0,0.7406865886922658,279.0,1.0,152.0,0.0003333333333333,0.0001462487203239,0.0032786885245901,0.0003333333333333,0.0,1.0,0.0402556144709175,3.15891418605203e-08,0.0681545464671567,-0.0585409440449183
danish_atm_daily_112,0.772567963723066,1.473557939314778e-13,-341.23100062410725,7.0,0.837377978352273,282.0,1.0,74.25,0.0042378317014332,0.7374166113487693,0.0262295081967213,0.0109885057471264,0.0,1.0,0.2532470403381042,9.350701669765821e-08,0.7078634232994627,-0.7178896897790419
danish_atm_daily_12,0.1142054246640563,0.011262823192838,-165387.80903807384,115.0,0.7842557462497356,5.0,1.0,151.5,0.0010534979423868,1.0,0.0065573770491803,0.0013333333333333,0.0,1.0,0.0801856908736529,5.1379307616701715e-08,0.1898992030295501,-0.1995856271813065
danish_atm_daily_13,0.04910838711548,5.6158035277982805e-14,-46229.4689954791,40.0,0.8579159183542353,195.0,1.0,151.0,0.0018148148148148,0.6130120390342169,0.0098360655737704,0.003,0.0,1.0,0.017298495692972,9.592922118624881e-08,0.0696456141212514,0.0702752888901102
danish_atm_daily_14,0.0503293848539012,0.0323171876430253,-154095.91021619382,123.0,0.8125499470707541,8.0,1.0,305.0,0.0,1.0,0.0,0.0,0.0,1.0,0.0,0.0,1.4016565685892601e-15,-1.1934897514720433e-15
danish_atm_daily_15,0.0996715752841224,0.0383614974170256,-177804.0701898028,115.0,0.8194730041778618,6.0,1.0,305.0,0.0,1.0,0.0,0.0,0.0,1.0,0.0,0.0,1.4016565685892601e-15,-1.1934897514720433e-15
danish_atm_daily_16,0.2666673834752519,0.0,-83234.14057097983,115.0,0.7817432321375278,5.0,1.0,59.2,0.004455938697318,0.3617699737894637,0.0295081967213114,0.0083793103448275,0.0,1.0,0.0161830359358847,2.588198780648551e-07,0.0887903168023525,0.2055222589814364
danish_atm_daily_17,0.1324441434997474,0.0,-31194.29343277602,119.0,0.7753239505519687,11.0,1.0,73.0,0.0031532567049808,0.6369633188544844,0.0426229508196721,0.0232298850574712,0.0,1.0,0.5043182464415334,7.671351080600339e-08,0.4871077238100465,0.4485519810716447
danish_atm_daily_18,0.0282559644675882,0.0039910046665031,-163268.25094769432,105.0,0.7833343772577145,6.0,1.0,75.5,0.0009310344827586,0.0014490809070174,0.0098360655737704,0.0009310344827586,0.0,1.0,0.0123415699804557,9.823101561371804e-08,0.1333097116396167,-0.018574440898296
danish_atm_daily_19,0.7585712752001602,0.0001010494100273,-231724.1674818382,89.0,0.8234056359577494,6.0,1.0,59.4,0.0038563927912586,0.2617962933182306,0.0262295081967213,0.005471264367816,0.0,1.0,0.015141761628492,2.377812327791531e-07,-0.0527190126151172,0.1691795686183166
danish_atm_daily_2,0.4252296177890938,0.001004727013695,-60317.160009095496,66.0,0.8447184554776725,70.0,1.0,98.33333333333331,0.0045772669220945,0.675938524182941,0.0327868852459016,0.0167816091954023,0.0,1.0,0.171790886076821,1.785907118780929e-07,0.08093390054984,0.486497182483223
danish_atm_daily_20,0.2893548782785273,0.0251238010964918,-160115.11054822317,121.0,0.7767092753818164,6.0,1.0,100.33333333333331,0.0020343408542642,0.4549331021173406,0.0131147540983606,0.0025747126436781,0.0,1.0,0.0652432588162529,1.0238035944340782e-07,0.3238604683672342,-0.310578192787893
danish_atm_daily_21,0.0525865614435118,0.0166587930262165,-130821.18834660022,121.0,0.8084775473504487,5.0,1.0,75.5,0.0009310344827586,0.4087537319882545,0.0098360655737704,0.0009310344827586,0.0,1.0,0.0259269645218861,9.405034355195773e-08,-0.0075200238140186,-0.1448348855379052
danish_atm_daily_22,0.1477180516308283,0.0147399063625422,-143233.49738752662,121.0,0.7949916288039629,4.0,1.0,60.0,0.0018619270611607,0.0638848336074594,0.0163934426229508,0.0021264367816091,0.0,1.0,0.0181946202086408,1.5629318516224346e-07,0.1296881242387378,-0.0127938544448775
danish_atm_daily_23,0.2893835969926596,0.0251194186486897,-228549.61806670832,109.0,0.8008198952971359,5.0,1.0,101.0,0.0006436781609195,0.000184783679905,0.0065573770491803,0.0006436781609195,0.0,1.0,0.0229165596215517,6.433463699261418e-08,0.1221169234217412,-0.0750132970941964
danish_atm_daily_24,6.34991558401199e-08,1.5221523938110394e-10,-54879.93157464694,121.0,0.8249652083644602,8.0,1.0,49.833333333333336,0.0025145451965375,0.2560095283166855,0.0196721311475409,0.0030344827586206,0.0,1.0,0.0387601869013857,1.7164189437286976e-07,0.218229733097773,0.0195083455297851
danish_atm_daily_25,0.0276181699537174,0.0266302258317765,-113164.3340534322,113.0,0.8067604635783134,8.0,1.0,60.2,0.0016154391939832,0.0638238447409113,0.0131147540983606,0.0018850574712643,0.0,1.0,0.0124196163590498,1.2854723903978962e-07,0.109197773790009,0.0032297282688033
danish_atm_daily_26,1.4901161193847656e-08,4.509743324928049e-11,-58844.849128596325,129.0,0.788463253399573,5.0,1.0,152.0,0.0003333333333333,0.0,0.0032786885245901,0.0003333333333333,0.0,1.0,0.0438575305601333,3.03096692280931e-08,0.0939667217533131,-0.0981034729786472
danish_atm_daily_27,0.0654021788113757,0.0214992577044529,-165277.91103453183,117.0,0.8150255482308493,4.0,1.0,152.0,0.0003333333333333,0.0001462487203239,0.0032786885245901,0.0003333333333333,0.0,1.0,0.0050141863719628,3.4602087504411607e-08,0.023635450807096,0.019615354810457
danish_atm_daily_28,0.0381965907353176,2.477900950728564e-12,-71520.67246715057,123.0,0.8214662923114755,6.0,1.0,75.25,0.0016154391939832,0.0006740923625899,0.0131147540983606,0.0018850574712643,0.0,1.0,0.0405347505394837,1.1438106934550448e-07,0.2271327350685297,-0.2417039564266209
danish_atm_daily_29,0.1625030164292524,0.0002869034436048,-118633.69376905488,116.0,0.8526785767715575,7.0,1.0,58.2,0.0056030935149709,0.5405318250024226,0.0459016393442622,0.020471264367816,0.0,1.0,0.4710033561339591,1.0311683361605985e-07,-0.2510893623540209,0.4330888272935754
danish_atm_daily_3,0.1475702659419816,0.0001753464512088,-130890.59391675868,113.0,0.8416211288049945,5.0,1.0,42.142857142857146,0.003647509578544,0.1741501340683698,0.0327868852459016,0.004367816091954,0.0,1.0,0.0247604599968201,2.736216487988031e-07,0.3570902521989528,-0.2060230636917491
danish_atm_daily_30,0.2680172549657653,0.0001102662003207,-106772.66808953618,101.0,0.7964302192792863,8.0,1.0,305.0,0.0,1.0,0.0,0.0,0.0,1.0,0.0,0.0,1.4016565685892601e-15,-1.1934897514720433e-15
danish_atm_daily_31,0.4293872367751738,0.000294424780534,-81661.16642313627,101.0,0.8237253011980642,6.0,1.0,150.0,0.0026424010217113,0.7437957513237557,0.0163934426229508,0.0055747126436781,0.0,1.0,0.3665626481040164,4.407105767375703e-08,0.4256414270988795,-0.3898011418451723
danish_atm_daily_32,0.5969896629533873,0.0,-66401.9866541531,125.0,0.8437831269274885,9.0,1.0,36.5,0.0059885057471264,0.2460709436667263,0.0426229508196721,0.0128850574712643,0.0,1.0,0.0459804503806727,3.22724112593581e-07,-0.088489058652602,0.2350817970378567
danish_atm_daily_33,0.2843490102456321,0.0001538810378514,-152497.11321063523,107.0,0.823831233429077,10.0,1.0,48.5,0.003420462608202,0.1460440825248221,0.0459016393442622,0.0239540229885057,0.0,1.0,0.3887826834461252,1.9955986163976787e-07,0.5949299728323272,-0.9832489064689656
danish_atm_daily_34,0.0522324307777511,0.0348232668933146,-156867.232698361,101.0,0.7572779021077847,5.0,1.0,26.454545454545453,0.0046040868454661,0.0787334962870862,0.0459016393442622,0.0066781609195402,0.0,1.0,0.0275810195132774,3.598332073863879e-07,0.0443416389861972,0.3874025096395518
danish_atm_daily_35,0.1462898601403941,0.0456701319520961,-139517.49836892748,121.0,0.8023863192705469,6.0,1.0,100.66666666666669,0.0013459628210586,0.4512243322077125,0.0098360655737704,0.0016206896551724,0.0,1.0,0.0175925056056135,9.612916145581853e-08,0.1259075078802083,-0.0346051465283986
danish_atm_daily_36,0.2013522381732274,8.409182255209533e-08,-82127.62855578952,117.0,0.8259962505330761,6.0,1.0,305.0,0.0,1.0,0.0,0.0,0.0,1.0,0.0,0.0,1.4016565685892601e-15,-1.1934897514720433e-15
danish_atm_daily_37,0.1574136858063777,0.0,-76237.51787313397,105.0,0.7912425668589229,7.0,1.0,75.25,0.0016154391939832,0.1500926235612499,0.0131147540983606,0.0018850574712643,0.0,1.0,0.0200262578643328,1.2568435725545606e-07,0.0064221496956754,-0.0513256366578366
danish_atm_daily_38,0.0651768050117296,3.079091640356014e-08,-254988.37856181132,113.0,0.8004750421866972,6.0,1.0,74.75,0.0030117780615864,0.4036634149871791,0.0196721311475409,0.0044137931034482,0.0,1.0,0.1185421102984582,1.369717653583317e-07,-0.0395856119440133,-0.3190532055526223
danish_atm_daily_39,0.0994876782476751,0.0459393972453964,-176332.9670960739,99.0,0.7654675341991835,5.0,1.0,101.0,0.0006436781609195,0.0006131912773544,0.0065573770491803,0.0006436781609195,0.0,1.0,0.0098725573554071,6.717018193040916e-08,-0.0032622787884978,0.0880102361613733
danish_atm_daily_4,0.0807464103924,0.0,-66055.8541456353,111.0,0.7917767394544832,7.0,1.0,100.66666666666669,0.0013459628210586,0.0001778060249763,0.0098360655737704,0.0016206896551724,0.0,1.0,0.0565264803805954,8.331703716355668e-08,0.1010073442568193,-0.2865696397089466
danish_atm_daily_40,0.2207394377262855,0.0111421695961218,-184429.1908271425,85.0,0.6331435119941521,8.0,1.0,59.2,0.004471264367816,0.3997357777380749,0.0295081967213114,0.0063103448275862,0.0,1.0,0.1134038814777619,1.99461457993612e-07,0.3727126162289675,-0.1284193242554999
danish_atm_daily_41,0.0256106261847527,0.0256106261847525,-55090.04196779465,119.0,0.8208159946962506,6.0,1.0,152.0,0.0003333333333333,7.159562789349483e-05,0.0032786885245901,0.0003333333333333,0.0,1.0,0.0393725659834601,3.0594176928234964e-08,-0.0953490671763975,-0.0990263733863929
danish_atm_daily_42,0.0756964764695547,0.0412792333071325,-140512.597849395,109.0,0.7601674015436902,4.0,1.0,305.0,0.0,1.0,0.0,0.0,0.0,1.0,0.0,0.0,1.4016565685892601e-15,-1.1934897514720433e-15
danish_atm_daily_43,0.2808824867246599,0.0,-16016.188272409972,115.0,0.8289843756801278,7.0,1.0,98.66666666666669,0.002772953029658,0.7935971408482553,0.0295081967213114,0.0173448275862069,0.0,1.0,0.3825770360400855,8.514476844348418e-08,-0.3657678121860918,-0.6133343136093248
danish_atm_daily_44,0.6649999999999999,0.019,-241185.09240368367,86.0,0.7979918644713654,9.0,1.0,35.125,0.0107256988789555,0.5341919743522352,0.0786885245901639,0.0257931034482758,0.0,1.0,0.2323070219044084,2.678999567063664e-07,-0.2104373319379343,0.0517364251052671
danish_atm_daily_45,0.4811475923818332,2.934998244492704e-05,-51586.07279833399,95.0,0.7562586497503955,6.0,1.0,99.33333333333331,0.0040421455938697,0.6097633373540272,0.0229508196721311,0.0080574712643678,0.0,1.0,0.049436170372382,1.88441867135892e-07,0.0318157633350285,0.2765592665209017
danish_atm_daily_46,0.3124398485011528,0.0,-26134.771600222608,123.0,0.8362492074164897,8.0,1.0,74.25,0.0041867461331062,0.5358522236223301,0.0262295081967213,0.0075402298850574,0.0,1.0,0.1198551187452537,1.7127638735987124e-07,-0.3950507947385231,-0.0639339610218967
danish_atm_daily_47,0.1781732281050573,7.307246026956714e-05,-172456.52977309725,103.0,0.8283954537648132,6.0,1.0,36.625,0.0054093940683979,0.223847987170527,0.0393442622950819,0.0121379310344827,0.0,1.0,0.0604883209286259,2.9230856167647177e-07,0.1988411696730461,0.2019820293975757
danish_atm_daily_48,0.3538250309727257,0.0001622968975701,-66343.97632157887,100.0,0.8353681987431978,9.0,1.0,47.66666666666666,0.0066452391088406,0.5396172703788165,0.0622950819672131,0.0237816091954022,0.0,1.0,0.3568429592996289,1.8636545614314645e-07,-0.3188768555278881,0.6811174814246673
danish_atm_daily_49,0.162518095883565,5.377137047747359e-05,-98610.82291357024,113.0,0.7941390170324967,28.0,1.0,305.0,0.0,1.0,0.0,0.0,0.0,1.0,0.0,0.0,1.4016565685892601e-15,-1.1934897514720433e-15
danish_atm_daily_5,1.4901161193847656e-08,2.021752259073041e-09,-79149.97125550747,116.0,0.7913132855808118,8.0,1.0,100.66666666666669,0.0013459628210586,0.1241635614119645,0.0098360655737704,0.0016206896551724,0.0,1.0,0.012928021220796,9.747268670651377e-08,0.005678297723938,0.1240001935757079
danish_atm_daily_50,0.044096956881213,0.0210158484023617,-131219.6220542989,93.0,0.7795857182226323,6.0,1.0,59.2,0.0045524336597133,0.2555896287324526,0.0295081967213114,0.007,0.0,1.0,0.0505736484442719,2.3494397901328925e-07,0.1462923303876474,-0.1564533429455006
danish_atm_daily_51,0.5883428572918686,0.017650285718756,-100126.23278436552,105.0,0.7945876483511984,4.0,1.0,75.0,0.0022859372782744,0.1242267967135016,0.0163934426229508,0.0028160919540229,0.0,1.0,0.029164571249821,1.4878500365628396e-07,0.1191970335879214,-0.1517787866095999
danish_atm_daily_52,0.1559360828978389,0.0,-63607.59416168927,112.0,0.8039448196229861,11.0,1.0,58.8,0.0051353767560664,0.3734817001919014,0.0360655737704918,0.0086091954022988,0.0,1.0,0.1465402872384007,2.234346515137462e-07,0.2163478251420842,-0.3153835347014647
danish_atm_daily_53,1.4901161193847656e-08,1.40125974737698e-08,-54680.55119771804,111.0,0.816771559914711,5.0,1.0,305.0,0.0,1.0,0.0,0.0,0.0,1.0,0.0,0.0,1.4016565685892601e-15,-1.1934897514720433e-15
danish_atm_daily_54,1.4901161193847656e-08,6.649175703048089e-09,-57675.7751464862,115.0,0.891979729096121,8.0,1.0,305.0,0.0,1.0,0.0,0.0,0.0,1.0,0.0,0.0,1.4016565685892601e-15,-1.1934897514720433e-15
danish_atm_daily_55,0.0356072072102101,0.0,-57792.30875469285,117.0,0.7707625503720243,5.0,1.0,305.0,0.0,1.0,0.0,0.0,0.0,1.0,0.0,0.0,1.4016565685892601e-15,-1.1934897514720433e-15
danish_atm_daily_56,0.2699882933336636,0.0,-28070.799567990733,118.0,0.8969968069435089,8.0,1.0,73.5,0.0051739747410245,0.5682099453745735,0.0360655737704918,0.011367816091954,0.0,1.0,0.3191456309967987,1.3052194754502634e-07,0.540941642239968,0.1533873662540227
danish_atm_daily_57,0.0388336333231107,8.352157396530331e-09,-129808.71898482552,113.0,0.7647252250849091,6.0,1.0,100.66666666666669,0.0013459628210586,0.1241635614119643,0.0098360655737704,0.0016206896551724,0.0,1.0,0.0066313335314953,9.963812067358501e-08,-0.0696149583583103,0.0162592328089093
danish_atm_daily_58,0.3880184724142249,0.0,-16508.914860378107,123.0,0.8668663081041892,24.0,1.0,75.5,0.0009310344827586,0.0013580082545598,0.0098360655737704,0.0009310344827586,0.0,1.0,0.0175954144700302,9.647586835393785e-08,-0.0114388336737738,-0.1014376509943584
danish_atm_daily_59,0.1073804738389535,4.7206154606885015e-09,-147536.97408204613,105.0,0.7486684277571966,6.0,1.0,152.0,0.0,4.740010428017083e-05,0.0032786885245901,0.0,0.0,1.0,0.0423688154509475,3.040720429833039e-08,-0.0947111621924913,-0.0985793882425982
danish_atm_daily_6,1.1946988985383866e-07,7.337193024670944e-12,-93710.18709292015,115.0,0.8730029091792701,16.0,1.0,28.8,0.0050881226053639,0.2331206260503268,0.0557377049180327,0.0149885057471264,0.0,1.0,0.0877616181776036,3.483183297111497e-07,-0.2878355065042958,0.2279210784154601
danish_atm_daily_60,0.0594508211571517,0.0,-20242.783038648515,125.0,0.8383410844323667,5.0,1.0,74.75,0.0025849297573435,0.2667294515706611,0.0196721311475409,0.0037241379310344,0.0,1.0,0.1971805007668104,1.1260916961423776e-07,-0.3496951964032024,-0.190738755942603
danish_atm_daily_61,0.6649999999999999,0.0001,-131515.10184079612,107.0,0.7940058365112286,6.0,1.0,305.0,0.0,1.0,0.0,0.0,0.0,1.0,0.0,0.0,1.4016565685892601e-15,-1.1934897514720433e-15
danish_atm_daily_62,0.0323471356218703,3.92652053236945e-10,-58979.24585190876,121.0,0.8165350464515878,5.0,1.0,75.25,0.0020945083014048,0.1662344655809786,0.0131147540983606,0.0032643678160919,0.0,1.0,0.0472894016237646,1.1623989507559609e-07,0.1924354168550209,-0.0761319571046167
danish_atm_daily_63,0.0267732502458285,0.0,-99112.25789665656,99.0,0.8099338997176275,5.0,1.0,60.0,0.0018619270611607,0.0638848336074595,0.0163934426229508,0.0021264367816091,0.0,1.0,0.0197698571229325,1.547511772470148e-07,0.1799612423078323,0.0216970535965971
danish_atm_daily_64,0.0738914734189631,5.382309434926487e-08,-132917.94581752818,111.0,0.81357846554146,6.0,1.0,75.0,0.0023512132822477,0.1668811446964481,0.0163934426229508,0.0035057471264367,0.0,1.0,0.0112445011252191,1.581136920639185e-07,-0.1060774323995476,0.0920075209001614
danish_atm_daily_65,1.4901161193847656e-08,1.7684770457150546e-11,-78522.77178725495,117.0,0.852626676396625,6.0,1.0,75.0,0.0022859372782744,0.1948812594126682,0.0163934426229508,0.0028160919540229,0.0,1.0,0.0228768045433974,1.5271571884912182e-07,0.0339921615009085,0.2182671553611707
danish_atm_daily_66,0.7349858727937012,9.98010914261428e-05,-88189.40980596574,99.0,0.8239076667326637,7.0,1.0,41.142857142857146,0.0071731233148857,0.407172383169136,0.0557377049180327,0.0135747126436781,0.0,1.0,0.1081485495389135,3.293433531085027e-07,-0.3922579810639213,0.3628409582095454
danish_atm_daily_67,0.0985566312421259,0.00435914606441,-59101.82662981357,109.0,0.8072926991580954,8.0,1.0,75.25,0.0016154391939832,0.0007886295852111,0.0131147540983606,0.0018850574712643,0.0,1.0,0.0528444727474519,1.0992460081424233e-07,0.175258298518221,-0.3343569928502517
danish_atm_daily_68,0.2874054161141018,1.3149791161150223e-05,-126662.6747360321,105.0,0.8477232257269669,4.0,1.0,59.2,0.0043770398751241,0.3312343927612916,0.0295081967213114,0.0076896551724137,0.0,1.0,0.0177809755354805,2.572262641352697e-07,0.246584284607676,-0.0727271033647378
danish_atm_daily_69,0.0396584003951838,0.0,-48741.1076241694,115.0,0.8043851945525264,6.0,1.0,101.0,0.0006436781609195,0.0006131912773547,0.0065573770491803,0.0006436781609195,0.0,1.0,0.0029850406837791,6.847200415488526e-08,-0.012058819225053,-0.0023892020293443
danish_atm_daily_7,0.0270580986994196,2.2878214525885813e-14,-47338.94763384813,112.0,0.8454452078094387,6.0,1.0,99.0,0.0041867461331062,0.6065363218325219,0.0262295081967213,0.0075402298850574,0.0,1.0,0.3418424270695412,8.715866658926237e-08,0.2922482480761895,0.2334230526696489
danish_atm_daily_70,0.1324277197149032,0.0,-140322.09881834954,69.0,0.6524972729169499,7.0,1.0,101.0,0.0006436781609195,0.0006131912773544,0.0065573770491803,0.0006436781609195,0.0,1.0,0.0049915246909136,6.795105106547616e-08,-0.012733133895635,0.0777684163816233
danish_atm_daily_71,0.2384531612511493,0.0001712180836842,-81255.87824813783,67.0,0.5896672932034812,22.0,1.0,100.0,0.002772953029658,0.4009249693436055,0.0163934426229508,0.0041954022988505,0.0,1.0,0.0172810416883203,1.5530792213856168e-07,0.0556363817898026,-0.0938872489058628
danish_atm_daily_72,0.2370497388245575,1.0020205537696112e-06,-45278.21886781207,105.0,0.8468678355260885,28.0,1.0,151.5,0.0010534979423868,1.0,0.0065573770491803,0.0013333333333333,0.0,1.0,0.0801856908736529,5.1379307616701715e-08,0.1898992030295501,-0.1995856271813065
danish_atm_daily_73,0.0336216009710997,0.0333412736236194,-47091.51036005085,109.0,0.8189968658465772,6.0,1.0,305.0,0.0,1.0,0.0,0.0,0.0,1.0,0.0,0.0,1.4016565685892601e-15,-1.1934897514720433e-15
danish_atm_daily_74,0.0470172254311138,2.8354944455192017e-13,-39426.8147614932,129.0,0.8044023630299542,9.0,1.0,100.33333333333331,0.0020343408542642,0.4549331021173409,0.0131147540983606,0.0025747126436781,0.0,1.0,0.0512663825708114,1.1272007265037625e-07,0.0830335125596246,-0.2639080137932649
danish_atm_daily_75,0.2763286533454008,1.984959753912772e-06,-23741.060744654613,70.0,0.690683112935456,18.0,1.0,41.285714285714285,0.0053276571590747,0.4683930475059633,0.0524590163934426,0.0198160919540229,0.0,1.0,0.2608260526523054,2.016951135213941e-07,1.0113642538556404,-0.892242348652807
danish_atm_daily_76,0.0883498539464933,1.7236554978509946e-12,-10860.018544762472,121.0,0.8413003526282846,6.0,1.0,60.2,0.0011954022988505,0.002711672904456,0.0131147540983606,0.0011954022988505,0.0,1.0,0.0178794491173892,1.276094879352498e-07,0.0165126172836079,-0.0436255330570709
danish_atm_daily_77,0.265176923872344,1.786025213810639e-05,-98213.05586849149,99.0,0.8534460727173332,7.0,1.0,74.5,0.0032276145877678,0.4009718026082139,0.0229508196721311,0.0046091954022988,0.0,1.0,0.0963493130903795,1.6981813669169881e-07,-0.0388591458058564,-0.3417964568072532
danish_atm_daily_78,0.0571753282394824,0.0,-25447.02708096499,107.0,0.839215175140604,11.0,1.0,305.0,0.0,1.0,0.0,0.0,0.0,1.0,0.0,0.0,1.4016565685892601e-15,-1.1934897514720433e-15
danish_atm_daily_79,0.1429046302645384,2.296318310382588e-05,-90627.43340369366,111.0,0.8018077103729253,5.0,1.0,101.0,0.0006436781609195,0.0006131912773544,0.0065573770491803,0.0006436781609195,0.0,1.0,0.0113133951926933,6.634570732375096e-08,0.124349335927394,-0.0617364163659056
danish_atm_daily_8,0.02857222531491,0.0285715587844078,-102081.17273755444,121.0,0.7778955333667725,4.0,1.0,305.0,0.0,1.0,0.0,0.0,0.0,1.0,0.0,0.0,1.4016565685892601e-15,-1.1934897514720433e-15
danish_atm_daily_80,0.0757747832518847,0.068858932286321,-127423.34543330816,20.0,0.7323680818863219,186.0,1.0,75.25,0.0016154391939832,0.1242412083003873,0.0131147540983606,0.0018850574712643,0.0,1.0,0.0455375796141825,1.114576028586062e-07,0.3166165620505326,-0.2387187125703036
danish_atm_daily_81,0.7054584952759739,0.0,-20483.858311180124,63.0,0.6030212302946477,34.0,1.0,74.75,0.0029425287356321,0.4572672595107191,0.0196721311475409,0.0037241379310344,0.0,1.0,0.0069589979164998,1.8502591199421435e-07,-0.1378168773337419,0.2038428137634317
danish_atm_daily_82,0.1177516693827889,0.0,-34007.37208302045,102.0,0.7675046543734116,17.0,1.0,100.66666666666669,0.0013459628210586,0.1241635614119643,0.0098360655737704,0.0016206896551724,0.0,1.0,0.0169732027490966,9.565551144772149e-08,0.1744061198756915,-0.0812569938050814
danish_atm_daily_83,0.0244697846124237,0.02446978461241,-20217.21248619568,123.0,0.8002974423762187,4.0,1.0,305.0,0.0,1.0,0.0,0.0,0.0,1.0,0.0,0.0,1.4016565685892601e-15,-1.1934897514720433e-15
danish_atm_daily_84,0.7660740660562411,9.56478717222912e-05,-111978.44609964288,88.0,0.7852110720670283,6.0,1.0,31.11111111111111,0.0106912161203348,0.4886119637632816,0.081967213114754,0.019367816091954,0.0,1.0,0.1612811932179642,3.367283986789286e-07,-0.5134787456082787,0.8168121943006317
danish_atm_daily_85,0.6305361281305597,0.0001429255125278,-13411.321785337095,99.0,0.856860786015151,38.0,1.0,74.5,0.0035460479636724,0.4465673179360957,0.0229508196721311,0.0066781609195402,0.0,1.0,0.3507301133702111,7.318368793454485e-08,0.3496720770696561,-0.326505861134207
danish_atm_daily_86,0.3201264453737613,3.9565368259469785e-05,-79835.51287139078,104.0,0.8051142951032392,30.0,1.0,91.66666666666669,0.0016154391939832,0.8647404434809061,0.0983606557377049,0.0813793103448276,0.0,1.0,0.8506985997324228,4.2908058044531204e-08,-2.318655344718645,-1.7616642396519218
danish_atm_daily_87,0.3181343588066345,0.0253653385191597,-181624.5487718514,77.0,0.8445782135604291,104.0,1.0,22.25,0.009295302965801,0.5520600674146752,0.1245901639344262,0.0613333333333333,0.0,1.0,0.5311172905139969,2.539360676482396e-07,0.8103814211004587,1.5298361253801782
danish_atm_daily_88,0.1198741592153971,2.55720480078223e-09,-131592.3963269969,5.0,0.6741371585451735,246.0,1.0,28.7,0.0087265503050943,0.9217021175946888,0.0590163934426229,0.0162758620689655,0.0,1.0,0.2573114082960468,1.6201753761310974e-07,1.4592400121093123,-1.251928969521224
danish_atm_daily_89,1.4901163696729417e-08,9.099257486610764e-09,-13530.265438398095,79.0,0.7453582957859076,102.0,1.0,8.033333333333333,0.0120539236554562,0.724822558670909,0.2098360655737705,0.0274022988505747,0.0,1.0,0.13041097597367,3.675206746319978e-07,1.8616733946140545,1.0881173954443462
danish_atm_daily_9,0.1112586988490356,0.0267687788362189,-225236.32399885927,113.0,0.7552357572144809,5.0,1.0,101.0,0.0006436781609195,0.0006131912773545,0.0065573770491803,0.0006436781609195,0.0,1.0,0.0125042265792841,6.678265367861701e-08,0.0691432463100785,0.008914262378526
danish_atm_daily_90,2.7703471984018e-08,4.312293763026924e-14,-28020.98218675962,116.0,0.7435283079750673,15.0,1.0,41.57142857142857,0.0041833404285511,0.3737491875716745,0.0459016393442622,0.0184367816091954,0.0,1.0,0.3158333040632884,1.7361795986982197e-07,0.2588714446213143,-0.036720602760347
danish_atm_daily_91,0.0021194184768667,4.034200172210363e-05,-32969.69390076582,121.0,0.7088057000255473,19.0,1.0,4.880952380952381,0.0036283524904214,0.6621579223077141,0.3278688524590163,0.0290689655172413,0.0,1.0,0.1081490673261489,3.5752485350801104e-07,0.8719873993072522,0.2915415134861064
danish_atm_daily_92,9.160283893892935e-08,7.747407961228594e-10,-30040.425329095036,127.0,0.7779051346748951,6.0,1.0,4.795454545454546,0.0016490705264651,0.8087837615733285,0.3081967213114754,0.0098965517241379,0.0,1.0,0.0097917379036652,3.420119043764249e-07,-0.0465206648394096,0.5710567599997625
danish_atm_daily_93,8.571407580530351e-08,0.0,-28356.85847332326,139.0,0.6402244766531878,5.0,1.0,4.863636363636363,0.001479211011778,0.777428869851096,0.2983606557377049,0.0089655172413793,0.0,1.0,0.0135630667765695,3.674616499557051e-07,-0.0313840075613055,0.4785340067566801
danish_atm_daily_94,0.0701033781040152,1.5344914074491778e-15,-1354.2974532014032,35.0,0.6968035345205769,181.0,1.0,4.833333333333333,0.0140696750390236,0.88728789787455,0.7147540983606557,0.1202413793103448,0.0,1.0,0.5758018326185783,2.551457182872863e-07,-5.2675288834447205,1.5202880458655372
danish_atm_daily_95,0.7314873544759986,6.543679061610912e-07,-4791.036090340424,119.0,0.8687841152715231,98.0,1.0,8.225806451612904,0.0076605647793387,0.1602879655788397,0.1639344262295081,0.0347126436781609,0.0,1.0,0.2047489879493609,5.000092039593804e-07,-0.2926344367465754,1.4483000108967046
danish_atm_daily_96,0.0001829722136858,2.5660949716455366e-19,-6153.910554323049,128.0,0.8014573494114796,6.0,1.0,4.7727272727272725,0.0015745707393216,0.7544301786722202,0.3114754098360656,0.012919540229885,0.0,1.0,0.0208784728582642,3.3017658590335964e-07,0.0829547166799056,0.6039780677191163
danish_atm_daily_97,0.1327658783336293,0.0,-583.2025459562873,17.0,0.7623819108683996,244.0,1.0,5.111111111111111,0.0071667376188449,0.8829545823113013,0.8491803278688524,0.0942988505747126,0.0,1.0,0.6708913395202767,1.832008894432556e-07,-3.7837105401385167,3.0182053473408974
danish_atm_daily_98,0.0316298859505895,6.723855612057774e-11,-4722.044645505996,127.0,0.7282766021600746,5.0,1.0,4.644444444444445,0.0015962821058606,0.8302214022833101,0.3147540983606557,0.0104022988505747,0.0,1.0,0.0096266140400514,3.265827941418435e-07,0.370294903135482,0.149134680978823
danish_atm_daily_99,0.0285698625251576,0.028568933484107,-62232.54251052203,119.0,0.6175768420120805,6.0,1.0,4.840909090909091,0.0015019157088122,0.7874805485053562,0.3016393442622951,0.0109885057471264,0.0,1.0,0.0108569030955673,3.551481328430852e-07,0.3818167782909734,0.6253542610256009
