,alpha,beta,count_entropy,crossing_points,entropy,flat_spots,frequency,hurst,intervals_mean,intervals_sd,lumpiness,x_acf1,x_acf10,diff1_acf1,diff1_acf10,diff2_acf1,diff2_acf10,arch_lm,x_pacf5,diff1x_pacf5,diff2x_pacf5,sparsity,stability,nperiods,seasonal_period,trend,spike,linearity,curvature,e_acf1,e_acf10,unitroot_kpss,unitroot_pp
nn5_0,1.4901161193847656e-08,5.120002341840213e-12,-68475.87048261693,229.0,0.7057048219205265,5.0,1.0,0.8658657168985009,37.36842105263158,37.98714771883861,0.0030038333615198,0.1174645685329487,0.0459467711151061,-0.4444444444444445,0.2476851851851852,-0.6442307692307693,0.4899223372781066,0.0497710923352108,0.0168553401247729,0.4083009014193144,0.9068325037149068,0.0287277701778385,0.0037442922374429,0.0,1.0,0.0085409425299155,4.548067603028219e-08,0.069356101438916,0.092808096413698,0.1098443017865553,0.0425316975853287,0.0737079186234222,-635.5967683259604
nn5_1,1.4901161193847656e-08,2.202271196923481e-11,-36241.35114894502,269.0,0.7726421633633471,7.0,1.0,0.6345608306464589,44.4375,36.02955962354614,0.0029707142454478,0.2288644728816852,0.0686129378021149,-0.3666666666666667,0.15,-0.5975609756097561,0.3646638905413444,0.0708390019838883,0.0555878692803718,0.3509917127629837,0.8454962247302084,0.027359781121751,0.0039611872146118,0.0,1.0,0.0132729557936683,4.3197734290894006e-08,0.0123710116333588,0.0737673607888804,0.2184610673077472,0.0630907185090428,0.128528100207369,-543.9976608934487
nn5_10,0.0181928265992686,0.0,-47905.63620639479,224.0,0.724366741533332,5.0,1.0,0.7527559923143201,41.70588235294117,34.79720661540656,0.0032546460717439,0.250117828779129,0.0977369071797795,-0.40625,0.189453125,-0.6222222222222223,0.4119753086419754,0.0850009404467593,0.0675071368893975,0.3404565805429068,0.8559215116214336,0.0300957592339261,0.0060235920852359,0.0,1.0,0.0086015735155182,4.726572902239024e-08,0.0290162743900432,0.1295143709399355,0.2436079037275642,0.090969617733537,0.0759781840547905,-571.1987192258227
nn5_100,0.1592813885172259,0.0,-41450.40794720994,230.0,0.734721556960943,6.0,1.0,0.7406013407870347,47.13333333333333,43.95105502823837,0.0041486273183381,0.396818248367733,0.1861881816323129,-0.25,0.1071428571428571,-0.5428571428571429,0.3110204081632654,0.192405921495969,0.1664381815914383,0.2424553221712926,0.6919426829856272,0.0328317373461012,0.0058485540334855,0.0,1.0,0.0099465842541731,5.073051306661778e-08,0.1151977964297153,0.0346279598070267,0.3908150689237349,0.1793742015822002,0.0914090819582683,-401.9305859412715
nn5_101,0.0748832044159247,0.0,-51726.05735677919,255.0,0.6934585226108733,4.0,1.0,0.7665620537392396,47.4,47.34191739734611,0.0034930097525226,0.2802709426425854,0.1394902777790689,-0.3214285714285714,0.1530612244897958,-0.5540540540540541,0.3319941563184806,0.1143887255385055,0.0851379158645352,0.3289694013336803,0.8009123429996765,0.027359781121751,0.0056278538812785,0.0,1.0,0.0258464013306293,4.17434718764097e-08,-0.0775511155881773,0.0821240211153816,0.261153921503845,0.1090845540109605,0.1899656849521018,-510.4616283617196
nn5_102,0.2115709633121204,0.0,-11887.64090315098,176.0,0.6300046161968521,6.0,1.0,0.8671553214355661,90.125,71.52309816715557,0.0017316365071311,0.2902722886399988,0.1363364373496668,-0.2857142857142857,0.1581632653061224,-0.5277777777777778,0.3101851851851852,0.1241579855403036,0.0967459081240315,0.3249676953191129,0.7507049841267045,0.0136798905608755,0.0023097412480974,0.0,1.0,0.0148891795937213,2.3120439090896044e-08,0.0209888160316736,0.0910314761737909,0.2796011526619626,0.1260643168882956,0.0843843351758301,-478.0737753259417
nn5_103,1.491779242778388e-08,4.5061322368379946e-17,-54171.36916265598,297.0,0.6930170530296307,5.0,1.0,0.7311659501863154,54.53846153846154,52.13062980726939,0.003812879343067,0.4375777595394829,0.2317331342860687,-0.1666666666666666,0.15625,-0.4464285714285714,0.2838010204081632,0.2396260077429891,0.22709858096405,0.2451833058423575,0.6304384587462752,0.0300957592339261,0.0051902587519025,0.0,1.0,0.0209342560843157,4.5599775550820505e-08,-0.222205200476333,0.0252725005815587,0.4254677236703582,0.2169463581535692,0.1541100864142251,-365.2826944864359
nn5_104,1.4901161193847656e-08,1.1471769479029503e-08,-33358.481122780904,252.0,0.7485964568093907,5.0,1.0,0.5362455015971469,55.0,56.40330959556658,0.0022584418512881,0.2331861708742693,0.0613525645829482,-0.3333333333333333,0.1458333333333333,-0.5625,0.3271484375,0.0659031561165061,0.0616129484994784,0.3369357391576591,0.8299182950159812,0.0218878248974008,0.0025684931506849,0.0,1.0,0.0128367763902865,3.5376792876862165e-08,0.0629417564944121,0.1242815107947936,0.2231475124580114,0.0605483532822335,0.1075107060210556,-521.5410683915978
nn5_105,0.0469747105503267,0.0,-42993.73216786052,275.0,0.7400949429449435,5.0,1.0,0.8874422255316184,51.0,42.74072099028315,0.0025426555424018,0.2170542635658914,0.062479298764119,-0.3461538461538461,0.1523668639053254,-0.5714285714285714,0.3357142857142857,0.0620481873728314,0.0533697024701277,0.3445412991901062,0.8244140654193626,0.0232558139534883,0.0032001522070015,0.0,1.0,0.0141049457479689,3.7142792950856486e-08,-0.2349832265773882,0.072986639744956,0.2058902528359792,0.0592696602693143,0.4380711923171033,-532.060337314607
nn5_106,1.4901161193847656e-08,4.4359358898467316e-10,-35117.67102554979,279.0,0.710415199446365,4.0,1.0,0.7251998202679669,47.53333333333333,31.495729113340943,0.0026191818403893,0.2025523431156169,0.0547097879150616,-0.3571428571428571,0.1556122448979591,-0.5789473684210527,0.3434903047091412,0.0543657624350528,0.0466399117799296,0.35154907952665,0.8372460854447411,0.0246238030095759,0.0032724505327245,0.0,1.0,0.0087881670485951,3.992138208195409e-08,0.0138129109524834,0.1091783554627219,0.195541107646261,0.0528346816508096,0.070130143121321,-542.5659557368826
nn5_107,0.0275886254338215,1.5280987135459041e-13,-37280.72895255601,270.0,0.7260577360440317,5.0,1.0,0.7216033815060164,51.142857142857146,52.8479053407143,0.0021759963921303,0.1151482497637225,0.0323350774526298,-0.4230769230769231,0.2056213017751479,-0.6216216216216215,0.4191015339663987,0.0339327779885949,0.0152681264012796,0.4152875992691958,0.907073753846523,0.0205198358413132,0.0024885844748858,0.0,1.0,0.0072881379906039,3.4076128252031935e-08,-0.1359747130414366,0.0740529215389128,0.1086282533029611,0.0314924050062878,0.1431013692288561,-618.712154524386
nn5_108,0.0292187494651624,0.0164129421551059,-64284.44559986013,275.0,0.6213385980901046,4.0,1.0,0.5732058431257756,55.15384615384615,39.437389521971305,0.0021180731721066,0.1260940301001202,0.0976191495593412,-0.4166666666666667,0.2604166666666667,-0.6176470588235294,0.4809688581314879,0.0883667492832549,0.0178942430558296,0.4104407424523211,0.8637615408542239,0.0191518467852257,0.0026826484018264,0.0,1.0,0.012199017955687,3.166947792998187e-08,0.084664740723223,0.1250899509715714,0.1153314393888335,0.0926922116207839,0.1193658621134041,-609.660408479486
nn5_109,0.2863557814782487,0.0,-52791.39537377884,164.0,0.6696890190099558,6.0,1.0,0.9442807979843556,51.0,52.48003283301037,0.0027171768419865,0.2170542635658914,0.0777187278690944,-0.3461538461538461,0.173076923076923,-0.5714285714285714,0.3614285714285714,0.0758409839332605,0.0533697024701277,0.3445412991901062,0.8080790667174993,0.0232558139534883,0.0034779299847793,0.0,1.0,0.0151240076671982,3.7145512946554346e-08,-0.0146051118997894,0.3133148729027972,0.2050703031310333,0.0730941795066829,0.1934140193774118,-530.6970367145926
nn5_11,0.0243376400832675,0.0,-31414.814471777525,264.0,0.7680686531615198,5.0,1.0,0.711809139775727,65.27272727272727,67.79541416510546,0.0020271717684198,0.2168168855634798,0.1031601648894862,-0.35,0.195,-0.5740740740740741,0.3858024691358024,0.0939335876263994,0.0521021667060458,0.3543831925378393,0.8006991504735363,0.0177838577291381,0.0025951293759512,0.0,1.0,0.018560498016471,2.904808555086276e-08,-0.0489529412928544,-0.0842552845972067,0.2020435979998427,0.0940718730620251,0.1124373391570451,-536.2060123111942
nn5_110,1.4901161193847656e-08,8.086681045755024e-10,-30450.76598039616,245.0,0.6690931260327098,5.0,1.0,0.5746405772401432,47.333333333333336,48.85644666727597,0.0035323298945825,0.3135745618260405,0.1260456419830666,-0.3214285714285714,0.1454081632653061,-0.5675675675675675,0.3398466033601168,0.1180432063239428,0.1011746669580874,0.2965290084010161,0.7697114650148906,0.0287277701778385,0.0054109589041095,0.0,1.0,0.0123966225234565,4.5209853249530436e-08,0.0183097215969444,-0.0056023697806713,0.3050081142381108,0.1182514766980844,0.0571401848568441,-481.97576822071807
nn5_12,9.591935937739972e-05,1.946214476618449e-10,-41460.51245178349,277.0,0.7061391321329055,5.0,1.0,0.644984447577511,51.142857142857146,48.64764543730156,0.0021759963921303,0.1151482497637225,0.0317960968732413,-0.4230769230769231,0.2056213017751479,-0.6216216216216215,0.4191015339663986,0.0311454041525336,0.0153165493470064,0.3937615736387851,0.9033759288164072,0.0205198358413132,0.0024885844748858,0.0,1.0,0.0184713723588304,3.3190495417705765e-08,0.0440817549349569,0.0739107269726053,0.0985745422441051,0.0312375268732098,0.099931840100038,-612.7720593823078
nn5_13,2.317348516698469e-05,6.217786122975907e-12,-37793.13734885719,301.0,0.7368365433107159,4.0,1.0,0.682218544782062,65.18181818181819,51.05255758885775,0.0024622301144371,0.2717405732362031,0.1107083129103547,-0.3,0.155,-0.5384615384615385,0.323224852071006,0.1072149907593508,0.0848178010649002,0.3535525451905372,0.7978311598692263,0.0191518467852257,0.003238203957382,0.0,1.0,0.0075317020444045,3.209499953302027e-08,-0.0525713109437174,0.012420089907523,0.2662184973860174,0.1062627214439593,0.0366404413062676,-493.85241654762666
nn5_14,1.4945479753144384e-08,3.2471150371260432e-12,-37199.0374628352,245.0,0.6078663220882973,4.0,1.0,0.7379355818944536,51.07142857142857,40.73453323412701,0.0024623240693763,0.169287569475668,0.091829994714006,-0.3846153846153846,0.2470414201183431,-0.5833333333333334,0.4263117283950617,0.0882200444993044,0.036125362095766,0.3926336481167573,0.8655698727975485,0.0218878248974008,0.0031240487062404,0.0,1.0,0.014526422809609,3.545781530800892e-08,0.0027762050295324,0.1950627242537539,0.157074766122684,0.0830775994182047,0.1098959994170098,-602.8662916535296
nn5_15,1.820420098264013e-08,3.9648413083621593e-13,-50142.932394383366,283.0,0.6042122148346534,4.0,1.0,0.7963341916237356,23.93103448275862,27.21597618322575,0.0052446116842362,0.2028244887834807,0.0807804551471976,-0.4107142857142857,0.1913265306122448,-0.6329113924050633,0.4322624579394328,0.073924615671003,0.0437964032156516,0.3508654214055696,0.8432370913278557,0.0506155950752394,0.0089231354642313,0.0,1.0,0.0183485956157338,6.9261888274092e-08,0.2688030565254895,0.2465440825255556,0.1879464600024826,0.0728361701762429,0.2652078072993933,-569.9749820635702
nn5_16,0.0506044415480705,3.620136843052085e-11,-57918.25431947924,273.0,0.7191186878753176,5.0,1.0,0.761484628673728,55.0,39.27042992719416,0.0024623240693763,0.2331861708742693,0.071906411959348,-0.3333333333333333,0.1493055555555555,-0.5625,0.3271484375,0.0714103270558804,0.0616129484994784,0.3369357391576591,0.8098703085528024,0.0218878248974008,0.0031240487062404,0.0,1.0,0.0163412294181782,3.5358619980969734e-08,-0.0848781368710328,0.1322622826680468,0.2205503000019315,0.0673409328384858,0.1534253644904457,-519.9870880809855
nn5_17,5.319888712163919e-08,1.5756677915483043e-08,-60295.539446046736,287.0,0.6769373852492149,5.0,1.0,0.4837383138465115,33.666666666666664,25.542774581735117,0.0031788714132701,0.1383316854257245,0.0442592527293152,-0.4,0.203125,-0.6071428571428571,0.4122289540816326,0.0452199937544517,0.0241822231851266,0.3833833914753154,0.8686556763177944,0.0328317373461012,0.003904109589041,0.0,1.0,0.0062894055146088,5.1335402815768834e-08,-0.0672528726293452,0.0825223605655846,0.1328754005059841,0.0435897914020933,0.0392580291871212,-582.3473734517393
nn5_18,0.024764439110728,0.0030663499538348,-64212.358629096736,275.0,0.6065080414896893,5.0,1.0,0.5256011622433452,30.565217391304348,26.352205508796903,0.0037652911663566,0.1829367758880323,0.0618372179088896,-0.3863636363636363,0.1890495867768594,-0.5983606557377049,0.3846412254770223,0.0594970943816479,0.0365417444846344,0.3675870900858323,0.8527194211182709,0.0383036935704514,0.0048972602739726,0.0,1.0,0.0143721313699893,5.662408034924517e-08,0.1692196691220584,-0.2202633889699819,0.1709469982144977,0.0577318446291192,0.0922240015596171,-574.3790074352031
nn5_19,1.4901161193847656e-08,2.392697602769543e-10,-35649.430499546186,279.0,0.8012340303561049,5.0,1.0,0.5657767500702668,51.07142857142857,52.13660206347624,0.002288460454366,0.1692875694756679,0.108134734554585,-0.3846153846153846,0.1967455621301775,-0.5972222222222222,0.3831018518518518,0.086379836972565,0.0321652695499965,0.4029337593416696,0.8392040218174868,0.0218878248974008,0.0028462709284627,0.0,1.0,0.0187379430066332,3.5043763957808955e-08,-0.1650379028956451,-0.0105871772849815,0.1533942584326858,0.0982503283274886,0.1390759532279375,-575.2746988451793
nn5_2,0.0404305902360039,0.0161684247439595,-48230.83441329744,234.0,0.622381566673921,4.0,1.0,0.7340140355119529,33.476190476190474,31.77675101016315,0.003723434240938,0.2214960118156893,0.0764453549889449,-0.3902569871984701,0.172527948162788,-0.6283262281701236,0.4301929264469261,0.0717630896740887,0.0545133779821471,0.2999927896778692,0.7513093431045268,0.0383036935704514,0.0048630136986301,0.0,1.0,0.0224676906940231,5.552664129947357e-08,0.3256664488426823,0.0387760828392561,0.2031042253012139,0.0710182775706834,0.2893395264061447,-543.555136455396
nn5_20,1.4901163470727567e-08,7.9117465349119205e-22,-33734.15239105052,271.0,0.7378067948981065,5.0,1.0,0.5508528103130399,79.88888888888889,77.0542738017244,0.0021292068324031,0.322183937132119,0.1430593780758381,-0.3125,0.14453125,-0.5714285714285715,0.3463718820861678,0.1593974346905902,0.106408589240519,0.2896098268157659,0.7473670191591981,0.0164158686730506,0.0030593607305936,0.0,1.0,0.0178357100259709,2.6860808866454463e-08,0.1342088210526372,-0.0654314933248474,0.3097353519992803,0.1306045448778233,0.1304565122115333,-469.0148646226474
nn5_21,1.4901161193847656e-08,1.749236498485788e-09,-35243.08105122328,273.0,0.6949358525100644,4.0,1.0,0.7043113225028537,55.07692307692308,60.52473535459358,0.0024069846101809,0.183211564475082,0.0689000040456043,-0.375,0.2083333333333333,-0.5757575757575757,0.3744260789715334,0.0782854881327594,0.0537338176655614,0.4072847644005924,0.910748266410658,0.0205198358413132,0.0033219178082191,0.0,1.0,0.0138753319200389,3.3411348345731624e-08,0.0201800726930496,0.1588530074554096,0.1717032177360229,0.059515509045932,0.1086797314385496,-610.8167615637028
nn5_22,0.0161633743274451,0.0,-19056.40312752872,263.0,0.6924154845308212,5.0,1.0,0.924374995393448,47.66666666666666,40.86330289892784,0.0021144089294774,0.1053889680770665,0.0286374562646931,-0.4285714285714285,0.1964285714285713,-0.625,0.405625,0.025818517104183,0.0132818507129374,0.4196031894551832,0.9156778851776148,0.0218878248974008,0.0025684931506849,0.0,1.0,0.0129462413158196,3.5618367329314164e-08,-0.1300816803946151,0.0886326515105057,0.0936800882335334,0.0268909689417938,0.1276421374353479,-623.9813529593514
nn5_23,0.1210595283373397,0.0,-72723.25764244887,235.0,0.7305458899577583,5.0,1.0,0.8875993392431799,65.27272727272727,55.34634750205457,0.0021984986000714,0.2168168855634798,0.0792734512002917,-0.4,0.18,-0.6249999999999999,0.4164540816326529,0.0793486473514286,0.0486569946147189,0.3526934040043734,0.840345860929952,0.0177838577291381,0.002872907153729,0.0,1.0,0.0089227413180209,2.9877111460426215e-08,-0.0156854228877933,-0.0041579544812579,0.2098352025697301,0.0737108078134599,0.0444495821824846,-563.3420895040254
nn5_24,0.0079739381539682,2.0246811579929945e-13,-36266.94689596642,247.0,0.7754175706195116,5.0,1.0,0.6479770575501639,55.0,45.794832313992224,0.0026359997745081,0.2331861708742693,0.0894343855155122,-0.3333333333333333,0.1736111111111111,-0.5625,0.35791015625,0.0873749081244196,0.0616129484994784,0.3369357391576591,0.7924860247312119,0.0218878248974008,0.0034018264840182,0.0,1.0,0.008537548308943,3.6003660317498495e-08,-0.0716637739859915,0.0297337474723269,0.2266570641288115,0.0859899272090593,0.1043815758490579,-518.4331077703754
nn5_25,0.0655530163896404,2.2378606918592567e-09,-26607.781757987977,187.0,0.607504673167671,6.0,1.0,1.319730547355617,79.77777777777777,74.92292335757091,0.0023965556119285,0.373448554729968,0.1711003440070603,-0.25,0.125,-0.525,0.2962499999999999,0.1631024164199632,0.1482246111736526,0.2599049415023849,0.6968649592735618,0.0177838577291381,0.0034284627092846,0.0,1.0,0.0103547000170465,2.967475575815952e-08,-0.0468697266231878,0.1003996639312109,0.3669012733169652,0.1631932562277312,0.0870453069206359,-419.89509676930186
nn5_26,0.0819935668557379,1.7451656659683913e-13,-13809.660468626707,236.0,0.7356422351079988,5.0,1.0,0.8084810929253209,90.25,66.4029904662218,0.0014573820395738,0.2125098788683374,0.1111884135501452,-0.3571428571428571,0.1785714285714285,-0.5789473684210527,0.3580332409972299,0.0906802594467056,0.0490253032021653,0.3743545553396506,0.8153626504927786,0.0123119015047879,0.0019292237442922,0.0,1.0,0.0122287562318476,2.1033352463821293e-08,-0.0563615609175373,0.1043404321762105,0.2027702033559396,0.1021546526006998,0.1687440554072671,-547.716395644617
nn5_27,1.490981659700911e-08,2.01217248334932e-10,-33209.4314495076,271.0,0.6695659483856604,5.0,1.0,0.6597539145155583,72.0,46.98463105692707,0.0016641298833079,0.1692972819853805,0.0705215301484011,-0.3888888888888889,0.1820987654320988,-0.6,0.3763999999999999,0.0596044599927569,0.0310374304651067,0.3916645828291083,0.857085274146046,0.015047879616963,0.0021308980213089,0.0,1.0,0.0103742008323486,2.5502998124359706e-08,0.0156662173876959,0.0798201130379078,0.1606210091169649,0.0650633652726177,0.0868419798399459,-581.555270257866
nn5_28,1.4901166653725817e-08,8.382910390030957e-09,-54223.398299085406,236.0,0.6309864497499156,5.0,1.0,0.7403763587545117,65.18181818181819,60.72860640887157,0.0021984986000714,0.2003120018076317,0.0881318012655167,-0.3333551679733192,0.1768939363229058,-0.563650455722605,0.3719194030064198,0.0865314449283913,0.0442333261017601,0.2821096671005969,0.6705793232432926,0.0191518467852257,0.002872907153729,0.0,1.0,0.0094070296694753,3.1807969986521025e-08,-0.0405516580765694,0.133069481530311,0.1927136136477995,0.0831880355349016,0.0921995261067551,-538.3393954203856
nn5_29,1.4901161193847656e-08,7.864206888068275e-11,-48370.82862029693,239.0,0.6263385406688067,6.0,1.0,0.935332306106088,54.92307692307692,42.71506669872966,0.0025426555424018,0.2772783532017459,0.1379722410390682,-0.2916666666666667,0.1875,-0.5322580645161291,0.3540582726326744,0.1313300732750346,0.0898468833804661,0.3363650737452603,0.7501066403355464,0.0232558139534883,0.0032001522070015,0.0,1.0,0.0057745687025743,3.822192355797721e-08,0.0606011719504024,0.1958162513870804,0.2731470381213856,0.1347543599012388,0.0640283252927392,-481.5326036429466
nn5_3,0.0057390532582353,0.0008490321917269,-46064.25915541447,241.0,0.6894676457508238,4.0,1.0,0.7506274792214247,59.75,58.83432053425341,0.0021180731721066,0.1989173016681617,0.0639379400983336,-0.3636363636363636,0.1632231404958677,-0.5833333333333334,0.3516666666666667,0.0683222445925371,0.0438485527199303,0.3626203240669773,0.8375617251672297,0.0191518467852257,0.0026826484018264,0.0,1.0,0.0064771016415987,3.205152705006797e-08,-0.0612969890540653,0.0429259457416601,0.193664318188004,0.061399153751219,0.0969772351678332,-551.9347933871805
nn5_30,1.4901265571466432e-08,1.0570607597960988e-19,-38089.2044985478,280.0,0.7095383535596184,4.0,1.0,0.6770468506404116,30.608695652173918,28.557341247574765,0.0035024522239134,0.1538827196958181,0.1049678048960279,-0.3863636363636363,0.3016528925619834,-0.5983606557377049,0.556772373018006,0.1111078961000219,0.030273433532873,0.3693074315114854,0.8270662658391753,0.0369357045143638,0.0043074581430745,0.0,1.0,0.0077161023111291,5.6209253326964765e-08,-0.052918102715031,-0.0490617071162823,0.1472951429380485,0.1042829653240061,0.0635728622398746,-562.9106890313955
nn5_31,0.025772452536264,7.537219655079959e-13,-46805.47088107412,259.0,0.6953099320966634,4.0,1.0,0.9655958696018324,72.0,74.21140972474066,0.0016641298833079,0.1692972819853805,0.1102688933001204,-0.3888888888888889,0.2253086419753086,-0.6,0.4268,0.0941051720810411,0.0310374304651067,0.3916645828291083,0.8345741060531411,0.015047879616963,0.0021308980213089,0.0,1.0,0.0157562069221713,2.5189454298962552e-08,-0.0786888690431932,0.0878625660173719,0.1560057930638222,0.101177985651857,0.1613287599988112,-579.925654910301
nn5_32,0.0285909255504832,0.0245060146824184,-42449.154341555215,253.0,0.6773408491340431,4.0,1.0,0.5776345846029363,37.42105263157895,33.2955048508782,0.00237255012496,0.0746450635989848,0.0118086782405711,-0.4444444444444445,0.2083333333333333,-0.6346153846153847,0.4249260355029586,0.0134156794271994,0.0090386066859131,0.4265333823363865,0.9668185342152132,0.027359781121751,0.0025722983257229,0.0,1.0,0.0091109813488546,4.3648754990777784e-08,-0.09331226450617,0.0500339555987078,0.0661582686680214,0.0130440906783691,0.0848281058128299,-648.8753787014886
nn5_33,1.5630162100090168e-08,9.863679966505825e-09,-73430.70887698884,233.0,0.7311820230618418,5.0,1.0,0.7305528728785038,47.266666666666666,34.42272228519717,0.0034570719882744,0.3438477941593059,0.1394706802752186,-0.2857142857142857,0.1326530612244897,-0.5555555555555556,0.3406635802469135,0.1387123577380172,0.1239941594793071,0.2563147746136873,0.7198813172764972,0.0300957592339261,0.004634703196347,0.0,1.0,0.0138147873217294,4.6722737437599184e-08,-0.079396950509806,0.2236389022893117,0.3347721053660014,0.1339578577194117,0.0775554093034218,-440.9516368587331
nn5_34,1.4901161193847656e-08,9.121663090132375e-10,-40225.25166104306,259.0,0.5987826129066965,3.0,1.0,0.6924662802080196,59.75,50.08560852997777,0.0021180731721066,0.1989173016681617,0.0788733781112861,-0.3636363636363636,0.159090909090909,-0.5833333333333334,0.3497222222222222,0.0681842331680778,0.0475120343191157,0.3977281331644464,0.8613391250464819,0.0191518467852257,0.0026826484018264,0.0,1.0,0.0104768544281509,3.183129231107084e-08,-0.0754584497543906,0.0578236641948399,0.1904573908798555,0.0722880850861229,0.0804430497379706,-566.2289637078903
nn5_35,1.4905748326120132e-08,2.10601922317792e-10,-20619.975044213446,287.0,0.7452623380658421,4.0,1.0,0.7273502801827108,37.31578947368421,35.56848266463341,0.0028872352819587,0.156387863398952,0.0427439570642494,-0.3888888888888889,0.1790123456790123,-0.6,0.3805999999999999,0.0419109029340157,0.029296776730736,0.3744175003778752,0.8637139407642235,0.0300957592339261,0.0035235920852359,0.0,1.0,0.0114916916593292,4.7087283265540347e-08,0.1065208075244672,-0.0288099298640804,0.1466217471526978,0.0422076083598291,0.0951352906557404,-572.3942107284018
nn5_36,0.0955224297755688,0.0,-26864.852624670428,236.0,0.6075921489865779,4.0,1.0,0.8049989686330495,47.266666666666666,48.527557217768646,0.0035995546535881,0.3438477941593059,0.1741688067258506,-0.2857142857142857,0.1301020408163265,-0.5416666666666667,0.3074845679012347,0.1461894864990732,0.1267483691626351,0.2949831638808867,0.7408291930737286,0.0300957592339261,0.0054680365296803,0.0,1.0,0.0161227895922534,4.6043466136209675e-08,-0.2851032919749406,0.1182868332698088,0.3331047168696952,0.1577136036394308,0.2806351035230519,-456.1949236420071
nn5_37,0.0295349310892875,0.0289358964541669,-65623.44673276966,247.0,0.7307240102916134,4.0,1.0,0.7354253067596421,59.66666666666666,42.356352605726165,0.0023781874213127,0.2512748791864413,0.0834334347979142,-0.3181818181818182,0.146694214876033,-0.5517241379310345,0.3177764565992865,0.0829388129402405,0.0718557481006184,0.3287255439937063,0.793246695413421,0.0205198358413132,0.0030441400304414,0.0,1.0,0.0153253815713563,3.3479789884183615e-08,-0.0720546560844232,0.1378648414710816,0.2396993728693368,0.0780468567696446,0.0950573496805252,-506.0385469976008
nn5_38,8.962390106812896e-06,3.0190667779711193e-10,-38098.37520886393,275.0,0.7321661684188109,5.0,1.0,0.6783387140595959,65.0,69.22282860444234,0.0031391284739838,0.3609833736714722,0.2310874495548637,-0.25,0.17,-0.52,0.326,0.1985309143138208,0.1410122078865783,0.2907228619795585,0.6875675400387218,0.0218878248974008,0.0050684931506849,0.0,1.0,0.0299754663373079,3.4130637977451745e-08,-0.002910687191951,-0.1215781079343504,0.34132764515477,0.2067855974724259,0.0726009581720379,-423.910892812986
nn5_39,1.4901537711136538e-08,1.054910489876665e-09,-33760.1410455967,255.0,0.7479457923783984,5.0,1.0,0.7178829161775968,80.11111111111111,60.7565725754104,0.0015626585489599,0.1888853260879876,0.0877561022087295,-0.3749999999999999,0.1796874999999999,-0.5909090909090909,0.3677685950413223,0.0729174619743334,0.0385697559540758,0.3835660327113516,0.838327063586099,0.0136798905608755,0.0020319634703196,0.0,1.0,0.0129977373461001,2.313325151054524e-08,-0.0606131336980006,0.1378190197326723,0.1782036030875383,0.0796925908986342,0.1855516158327551,-566.5926364393484
nn5_4,1.4901161193847656e-08,8.58886855621307e-10,-44394.07009320814,245.0,0.68359873825696,5.0,1.0,0.6299145703346753,37.21052631578947,35.05484424816573,0.0035391886051449,0.2244938730730606,0.0633163100439575,-0.3333333333333333,0.1766975308641976,-0.5624999999999999,0.3744574652777777,0.0760801459555869,0.0669425268770959,0.3655756049270394,0.8536877818989033,0.0328317373461012,0.0044596651445966,0.0,1.0,0.0115524927857217,5.0510030047794784e-08,0.0200882548193885,0.1729954711365953,0.2154516461533613,0.0599277094649555,0.075497518694203,-535.1620513560391
nn5_40,1.983059695919993e-06,2.672640178623894e-07,-38535.15410424236,251.0,0.691108115171076,8.0,1.0,0.6823524505832932,35.1,35.39089981158552,0.0045518349399627,0.3177055467729556,0.1504538945912567,-0.3421052631578947,0.1890581717451523,-0.5882352941176471,0.4214725105728566,0.1403863229204316,0.101211310737124,0.2926738966172806,0.7656616678180457,0.0396716826265389,0.0068721461187214,0.0,1.0,0.0180567274258435,5.768212639165783e-08,0.0315237856610077,0.1170578182592839,0.3052673052806068,0.1373807682717361,0.0451996848031928,-492.2029598227684
nn5_41,1.490120778782553e-08,5.080132072253359e-09,-46663.43040760704,245.0,0.6466933786802073,5.0,1.0,0.6261908869810305,59.583333333333336,51.2470989570644,0.0026359997745081,0.2970847722728708,0.1689512246641258,-0.3181818181818182,0.1714876033057851,-0.5689655172413793,0.359988109393579,0.138634213075546,0.0916642993935992,0.3223059554642321,0.7466956101664622,0.0218878248974008,0.0034018264840182,0.0,1.0,0.0133909622514326,3.5546819083877834e-08,-0.107712499842232,0.0264775008027856,0.2876310296107642,0.1585457633623411,0.0957497831589896,-481.9202969098832
nn5_42,1.5097550293499523e-08,0.0,-50661.7735682114,267.0,0.7617351557858094,5.0,1.0,0.6295180713495412,55.0,65.04101270224298,0.0024623240693763,0.2331861708742693,0.108158207585051,-0.3333333333333333,0.1631944444444444,-0.5625,0.33740234375,0.0927456396907132,0.0616129484994784,0.3641053547880302,0.8054270805958165,0.0218878248974008,0.0031240487062404,0.0,1.0,0.0193993148783785,3.4721574916273326e-08,0.0277334468577145,-0.0670683948484296,0.2179381079511604,0.0969798171282476,0.1569737715687472,-522.3514404768861
nn5_43,5.544615520102732e-07,8.751051313804996e-08,-36129.89986933778,241.0,0.6828325488978033,5.0,1.0,0.7284156593056283,65.0909090909091,48.18392791264437,0.0025796268109814,0.3193381938978009,0.1571355230945065,-0.35,0.185,-0.5925925925925926,0.4098079561042523,0.1409437331588763,0.104185493369823,0.2860275903944946,0.761808421852057,0.0205198358413132,0.0035996955859969,0.0,1.0,0.0063839430446338,3.404697589506251e-08,0.055699274269929,0.1392793517638767,0.3149857366251526,0.150876721084755,0.0818045751421836,-492.0225771044893
nn5_44,1.496737867431689e-08,6.474865927032874e-10,-32342.94470196011,259.0,0.7852367066331827,5.0,1.0,0.5833397901323396,59.583333333333336,58.72812294158927,0.0028678335870116,0.2970847722728708,0.1831082662676272,-0.3181818181818182,0.1900826446280991,-0.5689655172413793,0.4191438763376932,0.1567638626832057,0.1101118766554629,0.3478045318823821,0.8016080928244208,0.0218878248974008,0.0042351598173515,0.0,1.0,0.0053926257537977,3.614229587918664e-08,0.0137775386103261,0.0896084456223186,0.2932965362509287,0.1746634675088786,0.0697019824860578,-510.2400083522343
nn5_45,0.0234289076630852,5.695205324869303e-14,-32070.095108042457,281.0,0.7296926436129877,4.0,1.0,0.7871256583080141,65.27272727272727,44.45467559006793,0.0020271717684198,0.2168168855634798,0.0753564214334683,-0.35,0.16,-0.5740740740740741,0.3425925925925925,0.069420701200955,0.0521021667060458,0.3543831925378393,0.8210821400298275,0.0177838577291381,0.0025951293759512,0.0,1.0,0.0122357328094768,2.9630416909767203e-08,-0.0111484641017519,0.135515559217357,0.2071394369056393,0.0698965769593771,0.0906357485488053,-537.9768916778118
nn5_46,1.4901161193847656e-08,5.120002341840213e-12,-68475.87048261693,229.0,0.7057048219205265,5.0,1.0,0.8658657168985009,37.36842105263158,37.98714771883861,0.0030038333615198,0.1174645685329487,0.0459467711151061,-0.4444444444444445,0.2476851851851852,-0.6442307692307693,0.4899223372781066,0.0497710923352108,0.0168553401247729,0.4083009014193144,0.9068325037149068,0.0287277701778385,0.0037442922374429,0.0,1.0,0.0085409425299155,4.548067603028219e-08,0.069356101438916,0.092808096413698,0.1098443017865553,0.0425316975853287,0.0737079186234222,-635.5967683259604
nn5_47,0.0395916182008435,8.545476419468378e-09,-53071.87489734608,241.0,0.7122636140702022,5.0,1.0,0.9261693991806887,35.4,37.23665426770551,0.0033037375274818,0.1470324449637269,0.055143571563454,-0.3947368421052631,0.1821329639889196,-0.6037735849056604,0.3835884656461374,0.0481857410504525,0.0265278259911056,0.3953262410716306,0.8652353003522236,0.0314637482900136,0.0041324200913242,0.0,1.0,0.0194721314961634,4.7659517972270586e-08,-0.1390238417860576,0.1902908604624905,0.1300498317266048,0.0509698875613893,0.2547842192890854,-580.7214479554887
nn5_48,0.0011734157793519,3.856485198825178e-07,-39706.74706535597,247.0,0.7039849288696471,5.0,1.0,0.8715400335686077,80.0,68.88214572732183,0.0018339534359321,0.2615952617833603,0.1102920414482685,-0.3125,0.16015625,-0.5476190476190476,0.3214285714285713,0.1095089328813012,0.0770659251961087,0.3353658994816819,0.778645714958276,0.015047879616963,0.0024086757990867,0.0,1.0,0.0202784200814133,2.4885578167559376e-08,-0.0837609700667022,0.1263367806886385,0.246346562163391,0.0988720533089175,0.1936732162292921,-502.0636442553929
nn5_49,0.0181928265992686,0.0,-47905.63620639479,224.0,0.724366741533332,5.0,1.0,0.7527559923143201,41.70588235294117,34.79720661540656,0.0032546460717439,0.250117828779129,0.0977369071797795,-0.40625,0.189453125,-0.6222222222222223,0.4119753086419754,0.0850009404467593,0.0675071368893975,0.3404565805429068,0.8559215116214336,0.0300957592339261,0.0060235920852359,0.0,1.0,0.0086015735155182,4.726572902239024e-08,0.0290162743900432,0.1295143709399355,0.2436079037275642,0.090969617733537,0.0759781840547905,-571.1987192258227
nn5_5,0.0599683413732684,0.0,-39400.15266289245,261.0,0.6971946826158854,4.0,1.0,0.9461982559320834,65.27272727272727,62.80141862902606,0.0021984986000714,0.2168168855634799,0.118693288904764,-0.35,0.185,-0.5740740740740741,0.3617969821673525,0.0981358435859586,0.0521021667060458,0.3543831925378393,0.8006991504735363,0.0177838577291381,0.002872907153729,0.0,1.0,0.0134718354098853,2.94042997344604e-08,-0.1167977125262857,0.146286018191044,0.2061111504908471,0.1097253052244392,0.1943305807185232,-536.2060123111956
nn5_50,1.4940853140789324e-08,6.157418988412846e-14,-27072.48891453006,245.0,0.7327334650779727,5.0,1.0,0.597815607383813,37.1578947368421,47.415730111306985,0.0039528722024916,0.2544558077529714,0.0838855957401005,-0.3333333333333333,0.1705246913580246,-0.5520833333333333,0.3350694444444443,0.086847191788726,0.0762170952669661,0.3419784012461855,0.8375425114212689,0.0341997264021887,0.0050608828006088,0.0,1.0,0.0222959523321473,5.060415307086082e-08,-0.2243109966096114,0.1205383263497155,0.2374734616013014,0.0688005183158438,0.243630716446961,-538.0430157410574
nn5_51,0.0050965026351718,0.0050312869187239,-60436.69541165969,267.0,0.6500622975626945,4.0,1.0,0.7207493005037353,37.0,36.03239283385622,0.0042878215607794,0.3314838191719177,0.1892700480083258,-0.25,0.1558641975308642,-0.5111111111111111,0.3062962962962962,0.1636073269440427,0.1272120567335755,0.3263753275743665,0.7156630220152767,0.0383036935704514,0.0062861491628614,0.0,1.0,0.0271868551088707,5.510356659965061e-08,-0.1136500500766736,0.0419758208469332,0.3129106107782834,0.1716221881022142,0.1239335517194181,-438.6326424098041
nn5_52,0.0218452679450239,0.0,-18511.07944338757,289.0,0.7671316220260119,5.0,1.0,0.667864029884921,37.26315789473684,36.62397834033988,0.0033037375274818,0.1919231352118232,0.0520864945611102,-0.3888888888888889,0.1774691358024691,-0.61,0.4069,0.0515677215533116,0.0394522767678687,0.3486110205009904,0.8451102550948583,0.0314637482900136,0.0041324200913242,0.0,1.0,0.0251695139473203,4.6635977408774246e-08,-0.4687891880960075,-0.1385056975800247,0.1710993035672287,0.0496990273026547,0.6980755785094818,-558.0039892220543
nn5_53,0.0182266960303563,3.9569917783611406e-16,-36955.981915619006,263.0,0.8079662278495305,5.0,1.0,0.6658293328804394,37.10526315789474,34.9839562225666,0.0038591521506285,0.2821099421384661,0.0946350740857635,-0.3055555555555556,0.154320987654321,-0.5319148936170214,0.3136034404708014,0.1007047659419562,0.0930540238437577,0.3164161659270212,0.8003295269380517,0.0355677154582763,0.0051027397260273,0.0,1.0,0.0116961145795584,5.3986027792143257e-08,-0.0267721349514615,0.1730134926222337,0.2737279891202873,0.0881361122831175,0.0521130410955722,-507.1068218810971
nn5_54,1.4902102344587233e-08,4.2118370378775135e-10,-14388.043724227944,253.0,0.7256420638101467,5.0,1.0,0.8247469045336083,65.27272727272727,59.610554282091535,0.0020271717684198,0.2168168855634798,0.0753564214334684,-0.35,0.16,-0.5740740740740741,0.3425925925925925,0.069420701200955,0.0521021667060458,0.3543831925378393,0.8210821400298275,0.0177838577291381,0.0025951293759512,0.0,1.0,0.0139904026380477,2.9392415756017367e-08,-0.1887134264461469,-0.0295703654482831,0.2057606416409665,0.0694675735824335,0.2202554301821628,-537.9768916778112
nn5_55,0.033824113814195,0.0,-22345.49046811128,303.0,0.7481446967733948,5.0,1.0,0.6942954239619847,44.4375,46.294663119341664,0.0032914294304451,0.2288644728816852,0.1046749980973147,-0.3333333333333333,0.1655555555555555,-0.5625,0.34171875,0.0912500289622756,0.0605896015765289,0.3322696628604905,0.7880287378228877,0.027359781121751,0.0042389649923896,0.0,1.0,0.0388395239770832,4.0347327588004e-08,0.1445666097575217,-0.2604842276611708,0.1978620213780951,0.0929734302045288,0.1637591218978543,-515.7261725855006
nn5_56,0.0221399081730289,2.9287606138567885e-15,-34677.140125581995,307.0,0.7539488819096362,4.0,1.0,0.7353338154497637,41.64705882352941,38.039356554216624,0.0035527650938609,0.2817045157080159,0.116027320961045,-0.3125,0.146484375,-0.5595238095238094,0.3347505668934239,0.107306720865489,0.086066442837358,0.3280727601369382,0.7764205650095533,0.0314637482900136,0.0049657534246575,0.0,1.0,0.0190389062663817,4.756453321189369e-08,0.2812181599195511,0.0937529211513222,0.2678431543858164,0.1072250753081862,0.2438902144751567,-490.3983983971778
nn5_57,0.0210594178504538,0.0036741044035105,-45042.18715600013,289.0,0.7337089437006094,5.0,1.0,0.6719467760614043,37.31578947368421,30.23804195523496,0.0030659845538079,0.156387863398952,0.0829947151440536,-0.3888888888888889,0.2175925925925926,-0.59,0.3944999999999999,0.075018475470052,0.0306977509916996,0.4157676929683142,0.8620442532010669,0.0300957592339261,0.0038013698630136,0.0,1.0,0.009215424485067,4.7209266327326514e-08,-0.2351568123959609,-0.0355344792645269,0.1485684305199595,0.0792334835559134,0.1556804489077249,-591.7354084474829
nn5_58,7.835198446182758e-08,1.4261853914832029e-08,-24324.82805023017,254.0,0.7221275781105747,5.0,1.0,0.5441919788627899,59.66666666666666,50.042406259515786,0.0023781874213127,0.2512748791864414,0.1164817947117746,-0.3181818181818182,0.1818181818181818,-0.5517241379310345,0.3537455410225921,0.108589423643815,0.0718557481006184,0.3587645924300838,0.7897237735376264,0.0205198358413132,0.0030441400304413,0.0,1.0,0.0125823205966322,3.359782792626392e-08,0.1016534348894281,0.1363513856642104,0.2417499192750379,0.1076131734263867,0.1671922599546726,-508.234006379333
nn5_59,0.1385040767501064,1.4542293739236194e-07,-39405.24236009384,248.0,0.8246168505087765,6.0,1.0,0.6160173156330496,55.07692307692308,39.55051946237356,0.0022051694007553,0.183211564475082,0.0538608472451606,-0.375,0.1666666666666666,-0.5909090909090908,0.3597337006427914,0.0502384362669556,0.0373550182515413,0.3700410961094924,0.8517615719292359,0.0205198358413132,0.0027663622526636,0.0,1.0,0.0136075290989303,3.343893330060449e-08,-0.0031704394206351,0.1580523904150146,0.171956555265397,0.049890361856869,0.1608235478071531,-563.1263965727665
nn5_6,1.4961556074952638e-08,0.0,-40663.03192778457,297.0,0.785725813306977,5.0,1.0,0.7605079654443491,47.46666666666667,46.85519740444515,0.0030759437773643,0.2434584680625925,0.0892401969193908,-0.3571428571428571,0.173469387755102,-0.5921052631578947,0.3867728531855955,0.0855824574959961,0.065299993373151,0.3305101763334886,0.813460139415812,0.0259917920656634,0.0041742770167427,0.0,1.0,0.0220268018508682,4.0406869154217145e-08,-0.0978094291087772,0.196428224101497,0.226463340848404,0.0784597752321845,0.1609118264068991,-531.9338934137777
nn5_60,0.0259967667620227,6.841019536392665e-15,-39215.39991064563,284.0,0.7029548239560938,5.0,1.0,0.729144184302869,72.0,56.95417261077346,0.0016641298833079,0.1692972819853805,0.0705215301484012,-0.3888888888888889,0.1820987654320988,-0.6,0.3763999999999999,0.0596044599927569,0.0310374304651067,0.3916645828291083,0.857085274146046,0.015047879616963,0.0021308980213089,0.0,1.0,0.0136624985438348,2.5287022402842584e-08,0.0387258544852325,0.079316476700458,0.157811469179327,0.0637595559665637,0.1024913194574573,-581.5552702578675
nn5_61,1.1613135057923993e-06,1.0894066160435949e-07,-46297.14908112149,265.0,0.6808058720397618,4.0,1.0,0.6769797837333276,30.608695652173918,23.65036830471392,0.0033196628896781,0.1538827196958181,0.042834559696771,-0.3863636363636363,0.1730371900826446,-0.5983606557377049,0.374092985756517,0.0425207657029266,0.030273433532873,0.398115983379854,0.8800091646880912,0.0369357045143638,0.0040296803652968,0.0,1.0,0.0106032211707791,5.567344694383003e-08,-0.0069095196084739,0.2821368334457557,0.1448701701631842,0.0408941062853247,0.1410609149100036,-571.7394352837869
nn5_62,1.4901161193847656e-08,1.206726856529581e-09,-26878.298697452305,253.0,0.638220015674173,6.0,1.0,0.7526743974584355,80.11111111111111,67.06795890073822,0.0015626585489599,0.1888853260879876,0.0877561022087295,-0.3749999999999999,0.1796874999999999,-0.5909090909090909,0.3677685950413223,0.0729174619743334,0.0385697559540758,0.3835660327113516,0.838327063586099,0.0136798905608755,0.0020319634703196,0.0,1.0,0.0082116309787013,2.3434747093555378e-08,-0.0350294285778942,0.0937345540331331,0.1821717498590696,0.0821602225868647,0.1021904450710103,-566.5926364393501
nn5_63,4.725248665314824e-05,3.0485512319248332e-09,-22313.76662599185,274.0,0.7064778759393319,8.0,1.0,0.7122455070712512,43.75,50.75365339887695,0.004760837702238,0.4946398784570093,0.5009253981034348,-0.3,0.1344444444444444,-0.5512820512820513,0.3328402366863905,0.2680108283877623,0.2638783697515097,0.2319099676317281,0.7797174551452127,0.042407660738714,0.0135882800608828,0.0,1.0,0.0293879538622269,5.8454008307368376e-08,0.1476176145011024,0.3604515804307234,0.4793831216818796,0.4288198872044895,0.1624256073578828,-403.17820408834143
nn5_64,0.0257153021700945,0.0066123453366855,-58551.29345795793,239.0,0.7117712261295013,5.0,1.0,0.5344651820436201,47.53333333333333,34.08993707127969,0.0026505158126162,0.2025523431156169,0.0618956103840085,-0.3928571428571428,0.173469387755102,-0.6153846153846154,0.4012163050624588,0.0562381701519761,0.0425966537422498,0.349689851844231,0.8510352691398061,0.0246238030095759,0.0035502283105022,0.0,1.0,0.0115935960920154,3.9411037489009845e-08,-0.1741159355007127,0.0848315746800802,0.1932270277385163,0.0573007571670099,0.2551845935262385,-561.4529122315007
nn5_65,1.7094416062243846e-06,3.619134511629842e-07,-55202.21168488942,231.0,0.6533959834652792,5.0,1.0,0.6663618811904024,47.46666666666667,41.12674949238662,0.0028681154518293,0.2434584680625926,0.0716598650339893,-0.3214285714285714,0.1428571428571428,-0.5540540540540541,0.3168371073776479,0.0745671790476245,0.0685390265384315,0.3253973338213019,0.8019942981897715,0.0259917920656634,0.0036187214611872,0.0,1.0,0.0153967238835505,4.0966829041392456e-08,-0.1414701645440736,0.0781840136941628,0.2316674785330225,0.0692571356251791,0.2336310600374646,-507.502949000578
nn5_66,1.5302764715185066e-05,6.591353124226694e-06,-68312.4414916888,311.0,0.8567908841396392,9.0,1.0,0.6206103116743052,39.22222222222222,39.35293629160652,0.0040253114606234,0.2958722383478723,0.1277401799866003,-0.2941176470588235,0.1583044982698961,-0.5454545454545455,0.3389721074380166,0.123949152649961,0.0967095555159913,0.2991079297060717,0.7372076924946931,0.0341997264021887,0.0056164383561643,0.0,1.0,0.0222725582505342,5.081657161712983e-08,-0.0531560108824915,-0.2218482748423137,0.2798998782054965,0.1204324413304467,0.093684379241167,-466.61334563298
nn5_67,0.068092511930854,8.06912098262231e-12,-99692.4793811605,231.0,0.8356855200206784,6.0,1.0,1.00151267812526,41.76470588235294,45.07012509934478,0.0033923840126275,0.2155195651794946,0.065223945451084,-0.34375,0.166015625,-0.5697674418604651,0.3561384532179558,0.0697631303557778,0.0536035383766408,0.3490979253031113,0.8306906200918475,0.0287277701778385,0.0045776255707762,0.0,1.0,0.0141973284121023,4.4745631758946154e-08,-0.0324687532182147,0.180656481161885,0.2042888937832978,0.0606677542724476,0.119697769176297,-542.2875112966415
nn5_68,0.0193853581321699,0.0,-39229.4843375604,289.0,0.7572573541989899,4.0,1.0,0.6587862503206753,59.75,38.08871223866725,0.0021180731721066,0.1989173016681617,0.0633909878430403,-0.3636363636363636,0.1632231404958677,-0.5833333333333334,0.3516666666666667,0.05875813740745,0.0438485527199303,0.3626203240669773,0.8375617251672297,0.0191518467852257,0.0026826484018264,0.0,1.0,0.0113141337016814,3.1691412505743125e-08,-0.1379371168065736,0.1190596349478698,0.1897740479028668,0.0590567730919887,0.1904758480111909,-551.6079713017969
nn5_69,0.0135464854519433,0.0,-37056.21328609156,255.0,0.7560066314223484,5.0,1.0,0.7953346836720768,59.66666666666666,55.52777082985895,0.0022051694007553,0.2512748791864414,0.0839078759042299,-0.3181818181818182,0.146694214876033,-0.5517241379310345,0.3177764565992865,0.0965510203392181,0.0718557481006184,0.3287255439937063,0.793246695413421,0.0205198358413132,0.0027663622526636,0.0,1.0,0.0132397805866081,3.340114595330617e-08,0.2117387480282887,-0.0303799713439074,0.2410405644262881,0.0794308981284836,0.2029460801747841,-506.33871693942666
nn5_7,0.025855430366751,2.983155438751748e-08,-49663.24355573468,256.0,0.6929841737196452,4.0,1.0,0.8258063720334381,41.70588235294117,43.38312561624962,0.0036329556344777,0.250117828779129,0.1233170892188924,-0.3749999999999999,0.1992187499999999,-0.6022727272727273,0.4203254132231405,0.1076577550613283,0.0651480923764333,0.3530855129175992,0.8113779436511658,0.0300957592339261,0.0057458143074581,0.0,1.0,0.0411951409775597,4.298644323478901e-08,-0.4183280207845073,-0.2813798095364172,0.218032754258635,0.1001237770582649,0.5941667454987125,-544.0189056613002
nn5_70,0.0593941548462083,0.0,-22032.789813961062,249.0,0.7701467164132364,5.0,1.0,0.723907903414749,65.18181818181819,56.16728261509218,0.0023181971926264,0.2717405732362031,0.1001174166544416,-0.35,0.15,-0.5925925925925926,0.3672839506172839,0.0904216194940801,0.0754594769023886,0.3140892673935848,0.7927371119000333,0.0191518467852257,0.003238203957382,0.0,1.0,0.0195021426207122,3.103103426764288e-08,0.175536761129693,0.0081145140625123,0.2572896279973664,0.0895398068985307,0.2453652870636567,-509.96370294552526
nn5_71,1.4901161193847656e-08,3.2028360916476745e-12,-27551.5448163604,241.0,0.7770396290551786,5.0,1.0,0.5348062885812299,50.71428571428572,87.38458636433508,0.0035323298945825,0.3626020601493135,0.1826549534938397,-0.2307692307692307,0.1582840236686391,-0.484375,0.284423828125,0.1772734590566177,0.1542128881273426,0.2902305708476739,0.708612792898955,0.0287277701778385,0.0054109589041095,0.0,1.0,0.0353320019973385,4.229337569225902e-08,-0.0485280333785449,-0.1969711845092758,0.3393400142298204,0.1540841362992443,0.1516241096418808,-430.4958450733776
nn5_72,2.884536888726453e-06,0.0,-32643.38014729086,286.0,0.7337811077277873,5.0,1.0,0.9901128426983538,54.92307692307692,52.23418666362343,0.00292162278971,0.2772783532017459,0.2439244258345552,-0.2916666666666667,0.2430555555555555,-0.5322580645161291,0.3842351716961499,0.1908105127285653,0.0935362232685473,0.3854176031706223,0.7506849927931091,0.0232558139534883,0.0040334855403348,0.0,1.0,0.007469613105943,3.781084753920485e-08,0.1613286052943737,0.1350324858732697,0.2718519969459071,0.2355591449434494,0.2490826787042729,-491.1714918443472
nn5_73,0.0199764389027948,0.0,-25046.82127820018,254.0,0.7256704555686648,5.0,1.0,0.833593422343554,33.666666666666664,33.24504975681843,0.0029984309525151,0.1383316854257245,0.0379402436941421,-0.4,0.180625,-0.6071428571428571,0.3809789540816326,0.0361794532022095,0.0241822231851266,0.3833833914753154,0.8792219371543321,0.0328317373461012,0.0036263318112633,0.0,1.0,0.0092141238632069,5.087996248919506e-08,0.1846077702617632,-0.1361927621025729,0.1303576721927613,0.0377134877755563,0.1685487348002891,-582.9689196323202
nn5_74,1.491128077554957e-08,6.598277053390644e-10,-40789.11796446786,304.0,0.6639078091264088,4.0,1.0,0.8172585447728172,59.75,56.34976002207511,0.0019457128361237,0.1989173016681616,0.0633909878430403,-0.3636363636363636,0.1632231404958677,-0.5833333333333334,0.3516666666666667,0.0587581374074497,0.0438485527199302,0.3626203240669773,0.8375617251672297,0.0191518467852257,0.0024048706240487,0.0,1.0,0.0105567587072377,3.1742853788378554e-08,-0.0914662565196425,0.0203581666324723,0.190384779071545,0.0592851761647954,0.1224440207939542,-551.6079713017976
nn5_75,0.0376437754742689,6.508785156090591e-16,-26104.385948486,319.0,0.7476152365231165,5.0,1.0,0.8133821138952804,65.27272727272727,64.73189462558766,0.0020271717684198,0.2168168855634798,0.1587637722537218,-0.35,0.23,-0.5740740740740741,0.4146090534979424,0.1317752159498503,0.0521021667060458,0.3543831925378393,0.7842064669871152,0.0177838577291381,0.0025951293759512,0.0,1.0,0.0169505855968958,2.9244776336317677e-08,-0.1098152720604272,-0.0257820904366846,0.2033917995365725,0.1475338098336011,0.1048310195492425,-534.4351329445778
nn5_76,1.4901161193847656e-08,0.0,-36745.46116655538,308.0,0.832311535374188,5.0,1.0,0.4856456440577453,47.4,62.89651364401232,0.0031147471672585,0.2802709426425853,0.1255982090024997,-0.3214285714285714,0.1556122448979591,-0.5675675675675675,0.3449598246895543,0.1108919199168131,0.0831102190247013,0.3183180471640957,0.7632164785744182,0.027359781121751,0.0039611872146118,0.0,1.0,0.0183695938497794,4.2248072604491394e-08,-0.1058277083665572,-0.2444079775847451,0.2666527087396992,0.1151410299475368,0.1792424657721962,-489.5196083124418
nn5_77,1.493277800400804e-08,0.0,-38951.55718060612,270.0,0.7852046616277333,5.0,1.0,0.5816751422578359,47.06666666666667,54.63837827893853,0.0043552342296634,0.4201215301325748,0.2374433892250983,-0.2857142857142857,0.1339285714285714,-0.5555555555555556,0.3441358024691358,0.1955362464123011,0.1775398927001222,0.227224850554832,0.7119888929484289,0.0341997264021887,0.0075608828006088,0.0,1.0,0.02713855646342,4.988475431116698e-08,-0.0681248111784345,0.1787495099932989,0.4039933071090208,0.2032928948406533,0.1462834538077678,-421.4662335116916
nn5_78,1.4901161193847656e-08,8.086681045755024e-10,-30450.76598039616,245.0,0.6690931260327098,5.0,1.0,0.5746405772401432,47.333333333333336,48.85644666727597,0.0035323298945825,0.3135745618260405,0.1260456419830666,-0.3214285714285714,0.1454081632653061,-0.5675675675675675,0.3398466033601168,0.1180432063239428,0.1011746669580874,0.2965290084010161,0.7697114650148906,0.0287277701778385,0.0054109589041095,0.0,1.0,0.0123966225234565,4.5209853249530436e-08,0.0183097215969444,-0.0056023697806713,0.3050081142381108,0.1182514766980844,0.0571401848568441,-481.97576822071807
nn5_79,0.0459443631485939,4.903137067857386e-10,-50362.55406672628,245.0,0.7979568632183583,5.0,1.0,0.6072399289660007,44.375,49.71233917918837,0.0034255031286994,0.2645470635027675,0.1112125801432071,-0.3333333333333333,0.1622222222222222,-0.575,0.3531249999999999,0.1055455957209536,0.0740923835323042,0.3248100484625296,0.7772872299874907,0.0287277701778385,0.004855403348554,0.0,1.0,0.0127289939367731,4.5086303588332884e-08,0.0683467085879018,0.0980012040599047,0.2551039427048094,0.1032127222744871,0.0987076247052023,-501.5404196004298
nn5_8,0.1889999174604925,0.0,-14048.804645099422,233.0,0.7563108459009604,6.0,1.0,0.6877205457589468,80.0,58.28164376542584,0.0018339534359321,0.2615952617833603,0.1102920414482685,-0.3125,0.15625,-0.5476190476190476,0.3214285714285713,0.1005993204865252,0.0770659251961087,0.3353658994816819,0.778645714958276,0.015047879616963,0.0024086757990867,0.0,1.0,0.0070584311464008,2.5660920698326577e-08,0.0079848239513354,0.1774496172004624,0.256360983407956,0.1055553398204857,0.107787557073194,-502.0636442553935
nn5_80,0.0264279632984056,0.0,-12460.563418569229,277.0,0.7660348283686791,5.0,1.0,0.9262464792060596,55.07692307692308,44.22002099061302,0.0022051694007553,0.183211564475082,0.0851596172239031,-0.375,0.1840277777777778,-0.5909090909090908,0.3725895316804407,0.072110918795187,0.0373550182515413,0.3700410961094924,0.833997599744193,0.0205198358413132,0.0027663622526636,0.0,1.0,0.0063641181797184,3.4228105505158185e-08,-0.005351005546875,0.0673881729038503,0.1780125072949015,0.082138845847026,0.0455040504822336,-561.825880771552
nn5_81,0.0148547662587574,0.0,-19540.5877737232,257.0,0.6783210578541622,5.0,1.0,0.8462101785688074,51.142857142857146,32.75516904094831,0.0022051694007553,0.1151482497637225,0.0353186842526059,-0.4230769230769231,0.2056213017751479,-0.6216216216216215,0.418371073776479,0.0343136025863587,0.0184852604796485,0.4277020035715885,0.9256371715024958,0.0205198358413132,0.0027663622526636,0.0,1.0,0.0100377866971684,3.3827673112021e-08,-0.0599092334266137,0.1737106081275365,0.1061680916475504,0.0317751967319684,0.1352801995461447,-635.0025063030033
nn5_82,0.0218305857828338,0.0044333291893172,-65820.48373555028,221.0,0.688310511950054,5.0,1.0,0.6383927678644684,39.22222222222222,26.06226832156709,0.0037723377867974,0.2958722383478722,0.1052627666376447,-0.2647058823529412,0.1392733564013841,-0.5116279069767442,0.2883991346673877,0.1148263720735662,0.1078321228047192,0.3063649926345614,0.7523672436008014,0.0341997264021887,0.004783105022831,0.0,1.0,0.0052531370591071,5.2933421341553734e-08,0.0012065922393021,0.2933580495745987,0.2921694201910004,0.1042901020261684,0.0520004112700856,-458.4622718867221
nn5_83,0.0243773423447228,4.322494122606238e-09,-29252.623118185224,275.0,0.8120666548097144,5.0,1.0,0.9498512415962634,54.76923076923077,46.02201257035203,0.0030441400304414,0.3515306147213742,0.1359896715181029,-0.25,0.1180555555555555,-0.5166666666666666,0.2805555555555555,0.1411000760371018,0.1361646025907993,0.2612434738466662,0.7147883504456463,0.0259917920656634,0.0038964992389649,0.0,1.0,0.0153890331358321,4.1023757397440236e-08,0.1580038040248587,0.1355181905526846,0.3414586601243187,0.1304936134299457,0.251634839667107,-429.68558818655777
nn5_84,2.194281869524408e-05,1.2151590851180835e-09,-27379.924080920413,308.0,0.6778496711000673,5.0,1.0,0.595394159556673,47.46666666666667,36.013621761507856,0.0026919029633387,0.2434584680625925,0.0775763888717066,-0.3571428571428571,0.1658163265306122,-0.5789473684210527,0.3559556786703601,0.0754046269561242,0.0631346199335732,0.3318102612735009,0.8391734610503958,0.0259917920656634,0.0033409436834094,0.0,1.0,0.0090961838053038,4.1812940081122674e-08,0.0004752093684099,0.1672756509601322,0.2365326586368075,0.0719926163867781,0.0617272855947204,-546.207417931647
nn5_85,0.0635436184522485,1.9798908059935282e-13,-26511.073315102265,267.0,0.750909989655842,6.0,1.0,0.8732586413498392,50.642857142857146,50.67787735045,0.0036085743277524,0.3907127768493944,0.1980765677380479,-0.2692307692307693,0.1553254437869823,-0.5151515151515151,0.3115243342516069,0.1765182414130659,0.1654826605518496,0.2608240695630553,0.7446435703439909,0.0300957592339261,0.0065791476407914,0.0,1.0,0.0277903320787071,4.47076445073883e-08,-0.36493227000974,-0.1631848976671706,0.3731302909598525,0.1671424227320254,0.2453849254019808,-447.0173946426387
nn5_86,0.0152236203493354,0.0,-44711.00900814962,249.0,0.6504382277325179,5.0,1.0,0.875539535944734,30.608695652173918,41.79902035654423,0.003905659845538,0.1538827196958181,0.1048912212016911,-0.3863636363636363,0.2019628099173553,-0.5983606557377049,0.3863208814834721,0.0855973148138483,0.030273433532873,0.4156557053701787,0.8426522288160394,0.0369357045143638,0.0051407914764079,0.0,1.0,0.0420308483343485,5.0610011497148745e-08,0.1132720504164544,-0.2990867518994435,0.1168529304515558,0.101154948148435,0.1773748001544542,-572.1418685382215
nn5_87,0.2364510595332337,0.0,-26466.09408168767,172.0,0.7022155971842112,8.0,1.0,0.6714308251099672,33.57142857142857,40.564234774702,0.0034584813123625,0.2023499857827651,0.0762631072148089,-0.35,0.191875,-0.5740740740740741,0.3846879286694101,0.0797165814202011,0.0497906031143643,0.3610478012910147,0.8199978112607736,0.0355677154582763,0.004269406392694,0.0,1.0,0.0228481783639529,5.223835079914002e-08,-0.2619343259983913,-0.2437679754988139,0.1835878800632417,0.0737215470330401,0.247871509426698,-539.1786208587365
nn5_88,0.2180257557684739,1.1573227035692692e-15,-15845.161060945862,184.0,0.6766427839447964,6.0,1.0,0.7699517808663989,59.75,48.59316263164453,0.0019457128361237,0.1989173016681617,0.0633909878430403,-0.3636363636363636,0.1632231404958677,-0.5833333333333334,0.3516666666666667,0.0587581374074498,0.0438485527199302,0.3626203240669773,0.8375617251672297,0.0191518467852257,0.0024048706240487,0.0,1.0,0.0123902640968895,3.164934693662248e-08,-0.0315462616218303,0.0542495667400599,0.1888733730282552,0.0587620505249758,0.0756368292726778,-551.6079713017979
nn5_89,0.0001040359305516,8.403831639676018e-05,-43987.41534296762,244.0,0.697239735911742,5.0,1.0,0.5920125242683714,41.8235294117647,36.89213211193826,0.0029378769941935,0.177458003120785,0.0639814457550821,-0.3749999999999999,0.1992187499999999,-0.5862161611387547,0.3957079897959564,0.068667048316021,0.0460716765005509,0.3871248025985268,0.729633290095779,0.027359781121751,0.003683409436834,0.0,1.0,0.0073376969895073,4.37224384781003e-08,-0.1268988513362029,0.1223705479874196,0.1713832896448416,0.0607148710419259,0.1003018976066494,-582.8670548903405
nn5_9,0.0193548719535591,0.0,-40800.642580738415,235.0,0.697180901201372,5.0,1.0,0.8689617320067108,90.25,60.62472385798671,0.0014573820395738,0.2125098788683374,0.1111884135501452,-0.3571428571428571,0.1785714285714285,-0.5789473684210527,0.3580332409972299,0.0906802594467058,0.0490253032021653,0.3743545553396506,0.8153626504927786,0.0123119015047879,0.0019292237442922,0.0,1.0,0.010807640302733,2.1157343589913382e-08,-0.0074093014989628,0.0975254762265234,0.2039122430387849,0.1031521346093502,0.1020746233883647,-547.7163956446171
nn5_90,0.0712875219398896,4.37502279264487e-12,-30205.62618015324,262.0,0.7897122344078096,5.0,1.0,0.5837362410431696,39.44444444444444,43.838235020050725,0.0030038333615198,0.1664920668562216,0.0378929902545336,-0.4117647058823529,0.180795847750865,-0.625,0.4128689236111111,0.0280065306731853,0.0296483414673392,0.3684162590420664,0.879489448724353,0.0287277701778385,0.0037442922374429,0.0,1.0,0.0135613464802677,4.483407907854366e-08,-0.0330057348366851,0.0230700962049962,0.1550195678869509,0.0351909544575,0.092426001974245,-585.6822944725063
nn5_91,0.0340532068258042,0.0,-39688.05355092898,248.0,0.6838228113539744,5.0,1.0,0.7092705169062118,65.27272727272727,53.59494548759408,0.0020271717684198,0.2168168855634798,0.0753564214334684,-0.35,0.16,-0.5740740740740741,0.3425925925925925,0.069420701200955,0.0521021667060458,0.3543831925378393,0.8210821400298275,0.0177838577291381,0.0025951293759512,0.0,1.0,0.0127305014159375,2.9607177321855042e-08,0.0536321247078133,-0.015421280562421,0.2067548579037476,0.0697551748133596,0.0882820823277309,-537.9768916778127
nn5_92,0.2207734587826107,1.4524729345008738e-14,-48566.176461265735,213.0,0.8108039652329072,9.0,1.0,0.9339691833239732,39.333333333333336,32.425480176951616,0.0031597046056711,0.2368138254599196,0.0753671307159355,-0.3529411764705882,0.153114186851211,-0.5869565217391305,0.3582230623818526,0.0718955540747852,0.0597889340212797,0.3199787880364966,0.8063733340125457,0.0314637482900136,0.0041324200913242,0.0,1.0,0.0123099769798833,4.840581275058893e-08,0.039492800556516,-0.329615155457213,0.2271919971783711,0.0722834712480444,0.1045326790464256,-520.2312218727025
nn5_93,1.4901161193847656e-08,6.534904407337203e-12,-38446.42234335536,315.0,0.8188486449806498,6.0,1.0,0.6948064170468824,79.77777777777777,75.40188621277616,0.0022256046000338,0.373448554729968,0.1711003440070603,-0.25,0.125,-0.525,0.2962499999999999,0.1631024164199631,0.1482246111736526,0.2599049415023849,0.6968649592735618,0.0177838577291381,0.0031506849315068,0.0,1.0,0.0180903167934822,2.9103317464399357e-08,-0.1566640397586128,0.1192326518597312,0.3619810375284824,0.1585917334785209,0.2018610759492698,-419.89509676929936
nn5_94,0.1090889497726419,2.775653108930601e-07,-54060.4603413509,312.0,0.8142538060903771,9.0,1.0,0.6154796506883861,30.26086956521739,34.63342761408976,0.0048974951613206,0.3397505834731648,0.215881481229617,-0.3863636363636363,0.1658057851239669,-0.6065573770491803,0.3816850309056704,0.1334856484260563,0.1295317062459093,0.3061447687612625,0.8573656406870964,0.0478796169630642,0.0105859969558599,0.0,1.0,0.067788288889079,5.8626407094675995e-08,-0.4846220598489224,-0.2280090924138395,0.2919915621937483,0.118680545360117,0.297222514333126,-539.229141849498
nn5_95,0.0476532700398673,0.0,-49099.85530399346,277.0,0.7059366569306151,4.0,1.0,0.8081653406516608,50.85714285714285,39.012536728313655,0.003219976699175,0.2974945413919834,0.1125787634284881,-0.2692307692307693,0.1553254437869823,-0.5151515151515151,0.3147382920110192,0.1229403617980657,0.1061107930780457,0.2971020883222584,0.7372331276091342,0.0259917920656634,0.0041742770167427,0.0,1.0,0.0167206770958699,4.0947319873534446e-08,0.0427120630851803,0.1287814854870735,0.2856040513740944,0.1078949320238812,0.088153285346426,-460.99165399842445
nn5_96,0.1450795772194437,0.0,-27296.508481363,246.0,0.699711302447005,6.0,1.0,0.8742108604929506,41.88235294117647,35.57014610762299,0.0025155025649698,0.1353863214038107,0.0657771159004926,-0.40625,0.20703125,-0.611111111111111,0.41,0.057561717159655,0.0217215460331147,0.3931746933590414,0.8664349805836761,0.0259917920656634,0.0030631659056316,0.0,1.0,0.0073983979645654,4.184012550942031e-08,0.0788919086477471,0.0677677731788304,0.1289776499761668,0.0632868088460472,0.1003924512630859,-593.2881926999249
nn5_97,0.0242733791109022,0.0,-46489.18247794936,298.0,0.724864821947093,5.0,1.0,0.7408978349729084,59.66666666666666,66.79457426704023,0.0023781874213127,0.2512748791864413,0.0869677259318432,-0.3181818181818182,0.1756198347107437,-0.5344827586206896,0.3177764565992865,0.0900446254979181,0.0790104470296287,0.3468586473928955,0.8262975059119659,0.0205198358413132,0.0030441400304414,0.0,1.0,0.0210530921862279,3.2806956316586925e-08,-0.0733365463008912,0.1301152341142612,0.2351997871753684,0.0747997504982315,0.2189938952744995,-533.8923762014899
nn5_98,0.0630381607312893,0.0,-27547.45726363299,233.0,0.7720843327389,5.0,1.0,0.7576097839008535,47.53333333333333,35.9858437775322,0.0027945487344269,0.202552343115617,0.0624785795050457,-0.3571428571428571,0.1530612244897958,-0.5789473684210527,0.3405470914127424,0.0649535492052775,0.0466399117799297,0.35154907952665,0.8372460854447411,0.0246238030095759,0.0035502283105022,0.0,1.0,0.0112345870552682,3.9690102458719566e-08,-0.0130259838311903,0.0725701680437521,0.1935432085974349,0.0580282371127447,0.1312323454929169,-542.8926970969982
nn5_99,0.0332732498153347,0.0,-26471.83041061388,243.0,0.7465196744146008,5.0,1.0,1.0112144463354904,65.27272727272727,49.99018085402554,0.0018556570268899,0.2168168855634798,0.0753564214334684,-0.35,0.16,-0.5740740740740741,0.3425925925925925,0.0694207012009552,0.0521021667060458,0.3543831925378393,0.8210821400298275,0.0177838577291381,0.0023173515981735,0.0,1.0,0.0088469551302096,2.989206995879502e-08,-0.0566387886242012,0.0580854057113637,0.2098908357029877,0.0712795132474447,0.0530460197170767,-537.9768916778127
